state,zone,lon,lat
ME,020,-70.2045,44.1654
ME,010,-69.4281,45.5609
ME,004,-69.2400,46.1825
ME,003,-69.9716,46.2366
ME,002,-68.2182,46.7264
ME,006,-68.1173,46.0031
ME,001,-69.1077,46.9480
ME,012,-70.6709,44.2631
ME,011,-68.4069,45.3901
ME,005,-68.6456,45.9454
ME,018,-70.7784,43.5590
ME,019,-70.5103,43.8955
ME,008,-70.5249,45.0717
ME,032,-67.7420,45.4767
ME,013,-70.1818,44.6571
ME,031,-69.1568,45.2475
ME,015,-68.8441,44.9362
ME,030,-67.5411,44.6796
ME,022,-69.1709,44.5406
ME,029,-68.3928,44.4349
ME,027,-69.1730,44.1500
ME,016,-68.3239,44.8510
ME,014,-69.6632,44.8398
ME,025,-69.8613,43.9705
ME,026,-69.5431,44.0752
ME,009,-70.0680,45.4800
ME,023,-70.6005,43.3339
ME,021,-69.7672,44.4093
ME,017,-67.6338,45.0094
ME,028,-69.0512,44.3490
ME,024,-70.1860,43.7448
ME,007,-70.8789,44.8431
NH,007,-72.2223,43.3612
NH,009,-71.4233,43.5188
NH,011,-72.2512,42.9193
NH,010,-71.0293,43.2975
NH,006,-71.2178,43.7506
NH,012,-71.4574,42.8448
NH,013,-71.1814,42.9853
NH,005,-71.9182,43.7209
NH,014,-70.8291,43.0004
NH,015,-71.7929,42.9363
NH,008,-71.6802,43.2977
NH,001,-71.2832,44.9761
NH,004,-71.1778,44.0780
NH,003,-71.7514,44.0964
NH,002,-71.3228,44.4715
VT,012,-72.5855,43.5798
VT,013,-73.0929,43.0355
VT,011,-73.1398,43.5856
VT,019,-72.8735,43.5713
VT,014,-72.7867,43.0015
VT,015,-72.5583,42.9675
VT,010,-72.3769,44.0056
VT,007,-72.1022,44.4647
VT,006,-72.6414,44.6057
VT,008,-72.6149,44.2734
VT,004,-71.7364,44.7281
VT,017,-72.9287,44.4237
VT,005,-73.1562,44.4793
VT,009,-73.2394,44.0215
VT,018,-72.9674,44.0466
VT,016,-72.7255,44.8662
VT,002,-73.0340,44.8517
VT,003,-72.2438,44.8288
VT,001,-73.2948,44.7968
NY,015,-77.1055,42.6335
NY,021,-78.0276,42.2574
NY,056,-75.8196,42.1602
NY,020,-78.6789,42.2486
NY,024,-76.7600,42.1413
NY,045,-75.6115,42.4936
NY,044,-76.0702,42.5950
NY,057,-74.9665,42.1982
NY,011,-78.1936,43.0010
NY,033,-74.4973,43.6611
NY,008,-75.4488,43.7847
NY,013,-77.7754,42.7281
NY,036,-75.6697,42.9129
NY,040,-74.4397,42.9023
NY,018,-76.1946,43.0058
NY,014,-77.2998,42.8529
NY,046,-75.0326,42.6338
NY,047,-74.4421,42.5882
NY,023,-76.8752,42.3938
NY,016,-76.8237,42.7810
NY,022,-77.3838,42.2678
NY,062,-74.7681,41.7164
NY,055,-76.3063,42.1703
NY,025,-76.4737,42.4520
NY,012,-78.2245,42.7023
NY,084,-73.4360,43.1564
NY,043,-73.4239,43.5196
NY,042,-73.8646,43.5976
NY,083,-73.7376,43.3468
NY,039,-74.4213,43.0404
NY,082,-74.4228,43.1615
NY,017,-76.5302,42.8012
NY,009,-75.4692,43.3813
NY,037,-75.4068,43.1200
NY,032,-74.9693,43.7111
NY,038,-74.9549,43.0923
NY,048,-74.1561,42.7900
NY,049,-73.9758,42.8421
NY,051,-74.1250,42.5646
NY,052,-73.8796,42.6223
NY,059,-73.9147,42.3120
NY,058,-74.2376,42.2570
NY,063,-74.3795,41.9216
NY,064,-74.0616,41.8336
NY,065,-73.8457,41.7716
NY,066,-73.6193,41.7574
NY,060,-73.7330,42.2451
NY,061,-73.5360,42.2548
NY,054,-73.4058,42.7167
NY,053,-73.6159,42.7053
NY,050,-73.8768,42.9413
NY,041,-73.8582,43.1808
NY,019,-79.3664,42.2282
NY,085,-78.7608,42.6247
NY,067,-74.3056,41.4022
NY,068,-73.7495,41.4267
NY,069,-74.0241,41.1529
NY,070,-73.7474,41.2221
NY,074,-74.1557,40.5802
NY,074,-74.1343,40.6435
NY,071,-73.8998,40.9601
NY,073,-73.8669,40.8526
NY,071,-73.7799,40.9833
NY,073,-73.8707,40.8250
NY,079,-72.5807,40.9921
NY,081,-72.4592,40.9109
NY,080,-73.1828,40.7503
NY,179,-73.5836,40.6903
NY,178,-73.7915,40.6651
NY,176,-73.8438,40.7480
NY,176,-73.8480,40.7884
NY,078,-73.1715,40.8778
NY,177,-73.5976,40.8335
NY,002,-78.2312,43.2522
NY,075,-73.9472,40.6447
NY,072,-73.9657,40.7799
NY,026,-74.9156,44.8468
NY,087,-75.3060,44.5174
NY,007,-75.9102,44.0409
NY,006,-76.1412,43.4260
NY,005,-76.6084,43.1775
NY,004,-77.0292,43.1566
NY,003,-77.6959,43.1464
NY,001,-78.7427,43.2011
NY,010,-78.6922,42.9375
NY,072,-73.9689,40.7786
NY,034,-73.8551,44.0851
NY,035,-73.4345,44.2489
NY,028,-73.5131,44.8026
NY,031,-73.7931,44.7069
NY,030,-74.2734,44.5162
NY,027,-74.4258,44.9016
NY,029,-74.8555,44.3207
MA,024,-70.0744,41.2781
MA,005,-71.3797,42.4633
MA,012,-71.7709,42.1513
MA,004,-71.9778,42.4539
MA,026,-71.6598,42.6386
MA,014,-71.1570,42.4193
MA,025,-73.2511,42.2158
MA,001,-73.1518,42.5600
MA,002,-72.7907,42.6171
MA,003,-72.4514,42.5591
MA,008,-72.8687,42.3891
MA,010,-72.5146,42.3044
MA,013,-71.2658,42.1423
MA,006,-71.0659,42.7153
MA,018,-70.8932,41.9679
MA,011,-72.4930,42.1202
MA,009,-72.9334,42.1675
MA,017,-71.1849,41.9171
MA,021,-70.7761,41.7415
MA,023,-70.6561,41.3966
MA,016,-71.0093,42.2217
MA,015,-71.0818,42.3308
MA,019,-70.7171,42.0271
MA,022,-70.2982,41.7257
MA,007,-70.8674,42.6372
MA,020,-71.0384,41.6746
RI,001,-71.6203,41.8908
RI,008,-71.5785,41.1780
RI,003,-71.6637,41.6644
RI,006,-71.6248,41.4780
RI,005,-71.2842,41.7161
RI,004,-71.4647,41.6861
RI,007,-71.2366,41.5560
RI,002,-71.4526,41.8121
CT,002,-72.7328,41.8064
CT,003,-72.3365,41.8550
CT,004,-71.9875,41.8300
CT,001,-73.2502,41.8851
CT,013,-73.2368,41.6344
CT,006,-72.9956,41.4648
CT,005,-73.3629,41.3530
CT,007,-72.5551,41.4977
CT,010,-72.8154,41.3108
CT,008,-72.0992,41.5317
CT,012,-72.1039,41.3616
CT,011,-72.4497,41.3211
CT,009,-73.4350,41.1301
NJ,002,-74.3518,41.0934
NJ,004,-74.1999,40.9176
NJ,107,-74.3579,40.6666
NJ,006,-74.0826,40.7067
NJ,104,-74.0224,40.9158
NJ,106,-74.1293,40.6900
NJ,006,-74.0778,40.7409
NJ,104,-73.9343,40.9001
NJ,108,-74.2352,40.6496
NJ,105,-74.2767,40.8034
NJ,103,-74.1547,41.0243
NJ,108,-74.1598,40.6572
NJ,106,-74.1730,40.7477
PA,064,-77.2179,39.8715
PA,021,-79.9812,40.4688
PA,022,-79.4645,40.8125
PA,020,-80.3493,40.6823
PA,034,-78.4902,40.0066
PA,025,-78.3486,40.4813
PA,015,-79.4210,41.1925
PA,017,-78.4741,41.0002
PA,053,-76.4052,41.0486
PA,003,-80.1063,41.6848
PA,063,-77.2651,40.1637
PA,057,-76.7792,40.4155
PA,009,-79.2361,41.5132
PA,036,-77.7212,39.9275
PA,035,-78.1124,39.9255
PA,031,-80.2229,39.8538
PA,026,-77.9812,40.4170
PA,023,-79.0875,40.6521
PA,016,-78.9995,41.1281
PA,028,-77.4020,40.5311
PA,044,-75.6092,41.4370
PA,048,-75.0338,41.3321
PA,006,-77.8958,41.7450
PA,058,-76.2160,40.7059
PA,050,-77.0701,40.7700
PA,033,-79.0283,39.9725
PA,042,-76.5119,41.4460
PA,039,-75.8008,41.8214
PA,037,-77.2543,41.7721
PA,049,-77.0621,40.9630
PA,008,-79.7580,41.4010
PA,004,-79.2741,41.8147
PA,029,-80.2482,40.1894
PA,073,-79.5748,40.3446
PA,043,-76.0165,41.5184
PA,065,-76.7265,39.9199
PA,019,-77.7022,40.8739
PA,046,-76.9158,41.2287
PA,072,-75.3213,41.4763
PA,040,-75.2898,41.7773
PA,002,-80.0140,41.9700
PA,045,-77.3821,41.0789
PA,074,-79.2326,40.2371
PA,038,-76.5157,41.7886
PA,014,-79.9130,40.9117
PA,024,-78.7136,40.4954
PA,011,-78.2038,41.4368
PA,010,-78.6492,41.4253
PA,075,-79.7718,39.9485
PA,066,-76.2477,40.0424
PA,013,-80.3342,40.9912
PA,059,-76.4577,40.3672
PA,047,-75.9889,41.1772
PA,005,-78.5690,41.8078
PA,007,-80.2577,41.3022
PA,027,-77.6171,40.6104
PA,051,-76.6586,41.0280
PA,056,-77.2622,40.3984
PA,052,-76.7091,40.8520
PA,018,-78.0032,40.9895
PA,041,-77.1724,41.4265
PA,012,-77.7332,41.2914
PA,001,-80.1245,42.1018
PA,076,-79.5165,39.8896
OH,081,-83.4720,38.8457
OH,025,-84.1057,40.7715
OH,030,-82.2707,40.8461
OH,075,-82.0452,39.3337
OH,035,-84.2217,40.5609
OH,059,-80.9885,40.0158
OH,079,-83.8680,38.9344
OH,070,-84.5755,39.4386
OH,040,-81.0897,40.5796
OH,052,-83.7696,40.1378
OH,053,-83.7835,39.9168
OH,027,-83.3044,40.8424
OH,072,-83.8084,39.4150
OH,041,-80.7775,40.7686
OH,048,-81.9200,40.3016
OH,028,-82.9197,40.8509
OH,042,-84.6193,40.1333
OH,004,-84.4906,41.3240
OH,046,-83.0052,40.2785
OH,065,-82.6305,39.7516
OH,063,-83.4561,39.5599
OH,055,-83.0093,39.9696
OH,002,-84.1301,41.6018
OH,086,-82.3169,38.8247
OH,062,-83.8898,39.6915
OH,058,-81.4942,40.0521
OH,077,-84.5426,39.1954
OH,017,-83.6665,41.0019
OH,026,-83.6594,40.6615
OH,049,-81.0911,40.2938
OH,005,-84.0682,41.3339
OH,074,-82.4791,39.4970
OH,038,-81.9294,40.5612
OH,019,-82.5984,41.1462
OH,083,-82.6184,39.0197
OH,050,-80.7610,40.3850
OH,047,-82.4216,40.3988
OH,087,-82.5368,38.5985
OH,056,-82.4835,40.0918
OH,044,-83.7658,40.3885
OH,010,-82.1512,41.2955
OH,054,-83.3999,39.8942
OH,033,-80.7753,41.0146
OH,036,-83.1609,40.5873
OH,020,-81.8997,41.1176
OH,085,-82.0229,39.0821
OH,034,-84.6293,40.5400
OH,051,-84.2289,40.0534
OH,069,-81.0829,39.7274
OH,061,-84.2906,39.7545
OH,067,-81.8527,39.6203
OH,037,-82.7941,40.5240
OH,057,-81.9444,39.9654
OH,068,-81.4555,39.7660
OH,015,-84.5801,41.1166
OH,066,-82.2361,39.7371
OH,064,-83.0243,39.6420
OH,082,-83.0668,39.0774
OH,022,-81.1962,41.1676
OH,060,-84.6481,39.7416
OH,016,-84.1317,41.0221
OH,029,-82.5365,40.7747
OH,073,-83.0570,39.3376
OH,088,-82.9928,38.8040
OH,018,-83.1277,41.1239
OH,043,-84.2048,40.3316
OH,032,-81.3659,40.8138
OH,021,-81.5321,41.1259
OH,023,-80.7604,41.3174
OH,039,-81.4738,40.4410
OH,045,-83.3715,40.2995
OH,024,-84.5861,40.8554
OH,084,-82.4854,39.2510
OH,071,-84.1668,39.4277
OH,076,-81.4953,39.4553
OH,031,-81.8883,40.8289
OH,001,-84.5882,41.5603
OH,006,-83.6230,41.3617
OH,078,-84.1522,39.0476
OH,080,-83.6009,39.1848
OH,014,-80.7430,41.6796
OH,003,-83.6586,41.6200
OH,013,-81.1786,41.4995
OH,012,-81.2370,41.6968
OH,008,-83.1450,41.3565
OH,089,-80.7817,41.8761
OH,011,-81.6587,41.4243
OH,009,-82.6178,41.3635
OH,007,-83.1467,41.5381
MD,001,-79.2739,39.5286
VA,032,-80.2843,36.6784
VA,009,-81.5370,36.8439
VA,007,-81.5606,37.1250
VA,012,-81.0786,36.9171
VA,058,-78.9367,36.7670
VA,015,-81.2250,36.6566
VA,011,-80.7037,37.3141
VA,033,-79.8810,36.9920
VA,017,-80.3626,36.9315
VA,003,-82.3503,37.1258
VA,018,-80.2123,37.4813
VA,059,-78.6616,37.0116
VA,047,-78.5287,37.5722
VA,004,-82.0360,37.2666
VA,023,-79.8123,37.5571
VA,010,-81.1302,37.1340
VA,020,-79.7411,38.0587
VA,046,-78.8121,37.3722
VA,035,-79.1451,37.6048
VA,014,-80.3913,37.1727
VA,044,-79.3976,36.8111
VA,013,-80.7143,37.0636
VA,022,-80.0520,37.2714
VA,024,-79.4465,37.8136
VA,034,-79.5242,37.3152
VA,019,-80.0067,37.7875
VA,016,-80.7370,36.7304
VA,045,-79.1048,37.2231
VA,043,-79.8736,36.6828
VA,600,-82.4497,36.8014
WV,035,-81.2486,37.7714
WV,014,-81.9090,38.5086
WV,023,-79.6681,39.4693
WV,046,-80.0077,38.3318
WV,010,-81.1606,39.3709
WV,003,-80.6189,40.0969
WV,037,-80.7993,38.2917
WV,044,-80.5505,37.5604
WV,022,-80.0465,39.6303
WV,024,-82.1346,37.7264
WV,042,-81.1114,37.4055
WV,007,-82.0265,38.7698
WV,004,-80.6634,39.8606
WV,021,-80.2434,39.5100
WV,033,-81.6536,37.3785
WV,025,-81.9353,37.8316
WV,013,-82.0705,38.1753
WV,030,-80.5022,38.9958
WV,015,-81.5281,38.3365
WV,008,-81.6748,38.8344
WV,031,-80.3798,39.2835
WV,001,-80.5739,40.5213
WV,047,-79.8758,38.7747
WV,029,-80.8571,38.9241
WV,036,-81.0811,38.0288
WV,020,-80.7070,39.2692
WV,027,-81.0750,38.4626
WV,018,-81.1175,38.8445
WV,006,-82.2417,38.4203
WV,002,-80.5765,40.2733
WV,028,-80.7193,38.6998
WV,026,-81.7113,38.0231
WV,012,-80.6391,39.6053
WV,017,-81.3786,39.0224
WV,009,-81.5150,39.2111
WV,034,-81.5491,37.6096
WV,040,-80.0030,39.1329
WV,032,-80.0461,39.3360
WV,038,-80.4219,38.4947
WV,005,-82.4270,38.1461
WV,039,-80.2334,38.8978
WV,011,-80.8849,39.4653
WV,041,-79.5650,39.1136
WV,043,-80.8586,37.6559
WV,016,-81.3483,38.7140
WV,019,-81.0629,39.1783
NC,086,-79.2371,35.0174
NC,023,-79.3995,36.0440
NC,035,-81.1772,35.9211
NC,002,-81.1286,36.4915
NC,083,-80.1027,34.9738
NC,001,-81.5010,36.4346
NC,033,-81.9224,36.0766
NC,053,-82.5302,35.6112
NC,072,-80.5519,35.3868
NC,006,-79.3337,36.3934
NC,056,-81.2144,35.6626
NC,040,-79.2553,35.7028
NC,068,-81.5554,35.3340
NC,088,-78.8273,35.0485
NC,038,-80.2127,35.7932
NC,037,-80.5446,35.9292
NC,025,-78.8764,36.0359
NC,028,-77.5971,35.9129
NC,021,-80.2563,36.1304
NC,026,-78.2857,36.0827
NC,070,-81.1801,35.2945
NC,058,-83.8335,35.3502
NC,008,-78.6530,36.3040
NC,079,-77.6756,35.4852
NC,022,-79.7890,36.0794
NC,011,-77.6519,36.2575
NC,065,-82.4799,35.3362
NC,036,-80.8736,35.8072
NC,069,-81.2239,35.4862
NC,062,-83.4221,35.1504
NC,048,-82.7057,35.8581
NC,071,-80.8328,35.2468
NC,050,-82.1634,36.0133
NC,074,-79.9054,35.3324
NC,075,-79.4813,35.3107
NC,020,-80.6653,36.1605
NC,024,-79.1205,36.0614
NC,007,-78.9717,36.3901
NC,044,-77.3748,35.5935
NC,039,-79.8060,35.7103
NC,084,-79.7480,35.0059
NC,005,-79.7751,36.3961
NC,085,-79.4805,34.8411
NC,073,-80.2507,35.3120
NC,004,-80.2395,36.4018
NC,003,-80.6882,36.4148
NC,064,-82.7983,35.2022
NC,082,-80.5307,34.9884
NC,009,-78.4083,36.3648
NC,041,-78.6504,35.7901
NC,010,-78.1069,36.3966
NC,018,-81.6969,36.2313
NC,019,-81.1638,36.2065
NC,043,-77.9185,35.7048
NC,049,-82.3076,35.8989
NC,027,-77.9865,35.9672
NC,057,-80.5247,35.6396
NC,042,-78.3657,35.5176
NC,091,-77.6416,35.2393
NC,078,-78.0040,35.3638
NC,077,-78.8693,35.3687
NC,089,-78.3712,34.9915
NC,506,-81.9458,35.6327
NC,505,-82.1054,35.7082
NC,509,-82.2930,35.2856
NC,510,-82.1356,35.2776
NC,507,-82.1930,35.4650
NC,508,-81.8892,35.3952
NC,063,-83.0799,35.1614
NC,059,-83.1778,35.3638
NC,502,-81.4832,35.9012
NC,501,-81.6408,36.0301
NC,504,-81.6652,35.7148
NC,503,-81.8620,35.8886
NC,104,-75.9134,35.1288
NC,103,-75.6211,35.7594
NC,092,-77.3555,35.0222
NC,090,-77.9333,34.9365
NC,087,-79.1035,34.6401
NC,099,-78.6550,34.2655
NC,096,-78.5632,34.6143
NC,109,-78.2492,34.1066
NC,105,-77.9208,34.5328
NC,107,-77.8982,34.2817
NC,107,-77.9432,34.1465
NC,045,-76.5767,35.8221
NC,080,-76.8631,35.4947
NC,094,-76.7488,35.1407
NC,093,-77.0969,35.1262
NC,029,-77.1072,35.8416
NC,108,-77.8536,34.1515
NC,106,-77.6424,34.3843
NC,098,-77.4342,34.7374
NC,095,-76.6707,34.8327
NC,110,-78.2222,33.9367
NC,109,-77.9548,34.1469
NC,110,-78.0732,33.9401
NC,081,-76.2532,35.5375
NC,046,-76.2118,35.8161
NC,047,-75.8577,35.7753
NC,108,-77.8826,34.0968
NC,106,-77.6198,34.3861
NC,052,-82.9478,35.5323
NC,051,-83.4763,35.3973
NC,300,-83.9630,35.1093
NC,303,-83.4177,35.5693
NC,076,-79.1716,35.4750
SC,011,-82.4587,34.2226
SC,010,-82.6379,34.5191
SC,041,-81.0542,33.2147
SC,008,-81.6204,35.0482
SC,014,-81.1595,34.6921
SC,016,-80.1586,34.6397
SC,025,-81.9666,33.7723
SC,021,-81.1212,34.3951
SC,019,-82.1259,34.1538
SC,022,-80.5903,34.3388
SC,015,-80.7054,34.6868
SC,012,-82.0060,34.4836
SC,029,-80.2545,34.1633
SC,027,-81.2722,33.9022
SC,018,-82.3099,33.8996
SC,020,-81.6001,34.2898
SC,028,-80.9031,34.0218
SC,026,-81.7269,34.0061
SC,007,-81.9907,34.9313
SC,009,-81.1845,34.9747
SC,013,-81.6194,34.6892
SC,030,-81.6348,33.5444
SC,037,-80.7802,33.6749
SC,031,-80.3823,33.9162
SC,038,-80.2164,33.6658
SC,003,-82.4387,35.0978
SC,006,-82.3354,34.7881
SC,001,-83.1059,34.8154
SC,004,-82.9848,34.6281
SC,002,-82.7637,34.9701
SC,005,-82.6904,34.8123
SC,036,-80.8003,33.4390
SC,023,-79.9577,34.3324
SC,017,-79.6786,34.6020
SC,024,-79.3789,34.3915
SC,033,-79.3625,34.0801
SC,032,-79.7028,34.0245
SC,039,-79.7277,33.6199
SC,055,-79.3913,33.4918
SC,053,-79.0216,33.9549
SC,054,-78.8597,33.7383
SC,035,-81.4350,33.2661
SC,040,-81.3581,32.9881
SC,042,-81.1406,32.7763
SC,049,-80.4980,32.6103
SC,047,-81.0500,32.4830
SC,048,-80.6934,32.3568
SC,051,-80.9562,32.2424
SC,048,-80.7372,32.3873
SC,051,-80.8609,32.3307
SC,047,-80.8423,32.5435
SC,043,-80.7029,32.9179
SC,044,-80.4052,33.0795
SC,052,-79.9183,32.9612
SC,045,-79.9542,33.2231
SC,052,-79.9366,32.8437
SC,056,-79.2418,33.3522
SC,056,-79.2353,33.2834
SC,050,-79.9439,32.8411
SC,050,-80.1793,32.6668
GA,039,-82.7432,33.7820
GA,108,-83.4322,31.9733
GA,004,-84.9673,34.8056
GA,016,-83.7472,34.6464
GA,111,-82.7246,32.1171
GA,103,-84.5510,32.0466
GA,136,-81.9168,31.5515
GA,074,-82.7959,32.9695
GA,062,-82.6767,33.4089
GA,150,-82.4238,31.0535
GA,047,-83.7338,33.7816
GA,002,-85.3009,34.7356
GA,008,-83.9907,34.8342
GA,083,-83.4272,32.6672
GA,128,-83.6242,31.7163
GA,066,-85.0283,33.0335
GA,098,-82.5673,32.4039
GA,009,-83.7373,34.9167
GA,113,-82.3306,32.1206
GA,129,-83.5266,31.4575
GA,158,-83.9194,30.8637
GA,124,-84.4368,31.7768
GA,110,-82.9389,31.9298
GA,051,-82.8787,33.5662
GA,079,-84.5330,32.6995
GA,104,-84.1971,32.0400
GA,102,-84.8352,32.0785
GA,018,-83.2935,34.5540
GA,056,-84.2841,33.2609
GA,092,-84.3149,32.2620
GA,046,-84.0267,33.6545
GA,065,-82.0735,33.3596
GA,122,-84.7542,31.7626
GA,010,-83.4021,34.8818
GA,060,-83.3728,33.3218
GA,107,-83.4764,32.2328
GA,030,-85.1882,34.0018
GA,068,-84.3892,33.0922
GA,151,-82.2133,31.3589
GA,013,-84.4656,34.4643
GA,094,-83.8269,32.5688
GA,031,-84.8672,33.9202
GA,038,-83.0806,33.8807
GA,037,-83.4370,33.8349
GA,048,-83.8503,33.5551
GA,089,-84.8770,32.5100
GA,005,-84.7481,34.7885
GA,049,-83.4924,33.5908
GA,112,-82.5338,32.1746
GA,071,-83.9187,33.0141
GA,145,-84.1942,31.2254
GA,143,-84.7307,31.1640
GA,067,-84.6883,33.0406
GA,091,-84.5246,32.3534
GA,027,-83.2090,34.1279
GA,063,-82.4814,33.4829
GA,015,-84.0031,34.5721
GA,160,-83.2677,30.8339
GA,040,-82.4512,33.7936
GA,097,-82.9222,32.4637
GA,161,-83.0626,31.0380
GA,070,-84.1394,33.0765
GA,072,-83.5605,33.0251
GA,085,-82.6601,32.7015
GA,084,-83.1713,32.8024
GA,133,-82.6370,31.8056
GA,069,-84.2993,32.8813
GA,093,-84.0425,32.3584
GA,126,-84.1410,31.7796
GA,080,-84.2504,32.5556
GA,159,-83.5803,30.8420
GA,135,-82.2890,31.7493
GA,149,-82.8800,31.2971
GA,134,-82.4527,31.5537
GA,144,-84.4447,31.3262
GA,073,-83.2499,33.0690
GA,024,-83.4974,34.3541
GA,035,-83.7127,33.9932
GA,020,-84.8405,34.2379
GA,130,-83.2205,31.7598
GA,148,-83.2297,31.2761
GA,082,-83.6979,32.8067
GA,096,-83.3279,32.4344
GA,152,-81.9819,31.1970
GA,077,-82.0008,33.0612
GA,058,-83.9572,33.2891
GA,123,-84.6249,31.5292
GA,042,-85.0797,33.5828
GA,003,-85.1381,34.9036
GA,090,-84.7870,32.3470
GA,011,-85.3454,34.4750
GA,021,-84.4764,34.2439
GA,036,-83.3674,33.9513
GA,127,-83.8510,31.5515
GA,163,-82.7063,30.9151
GA,032,-84.5767,33.9415
GA,132,-82.8493,31.5492
GA,146,-83.7688,31.1884
GA,064,-82.2640,33.5442
GA,147,-83.4305,31.1540
GA,053,-84.7633,33.3535
GA,081,-83.9864,32.7145
GA,106,-83.7681,31.9230
GA,001,-85.5045,34.8546
GA,014,-84.1704,34.4438
GA,045,-84.2263,33.7715
GA,109,-83.1684,32.1722
GA,105,-83.7987,32.1572
GA,125,-84.2164,31.5333
GA,043,-84.7677,33.7015
GA,142,-84.9037,31.3229
GA,162,-82.8939,30.7101
GA,029,-82.8403,34.1169
GA,086,-82.3018,32.5898
GA,006,-84.3197,34.8641
GA,054,-84.4941,33.4140
GA,019,-85.2143,34.2632
GA,022,-84.1253,34.2255
GA,026,-83.2292,34.3755
GA,007,-84.4554,34.6915
GA,075,-82.6107,33.2293
GA,012,-84.8757,34.5034
GA,157,-84.2344,30.8747
GA,050,-83.1667,33.5789
GA,034,-84.0235,33.9617
GA,017,-83.5312,34.6310
GA,023,-83.8197,34.3168
GA,061,-83.0010,33.2703
GA,041,-85.2110,33.7942
GA,078,-84.9090,32.7360
GA,028,-82.9640,34.3511
GA,052,-85.1283,33.2970
GA,057,-84.1554,33.4534
GA,095,-83.6662,32.4590
GA,131,-83.2764,31.6023
GA,025,-83.5663,34.1339
GA,059,-83.6881,33.3164
GA,055,-84.3577,33.5419
GA,076,-82.4181,33.0549
GA,033,-84.3557,33.9350
GA,044,-84.6065,33.6085
GA,156,-84.7577,30.7993
GA,165,-81.7688,30.9642
GA,155,-84.8812,30.7935
GA,164,-82.1380,30.7818
GA,155,-84.8681,30.9481
GA,120,-85.0188,31.8674
GA,121,-84.9803,31.6264
GA,166,-81.5544,30.8884
GA,153,-81.6390,31.2698
GA,156,-84.5720,30.8815
GA,114,-82.0582,32.0458
GA,088,-81.6119,32.7507
GA,137,-81.7460,31.7528
GA,087,-81.9636,32.7925
GA,115,-81.8869,32.1568
GA,100,-81.7432,32.3969
GA,099,-82.0737,32.4035
GA,101,-81.3407,32.3675
GA,138,-81.5354,31.8510
GA,116,-81.4749,32.0403
GA,139,-81.2029,31.6625
GA,139,-81.2012,31.6716
GA,119,-81.0342,31.9181
GA,119,-81.0508,31.9394
GA,117,-81.2001,31.8127
GA,117,-81.1797,31.7791
GA,141,-81.3214,31.4658
GA,141,-81.2717,31.5211
GA,118,-81.2277,32.0769
GA,140,-81.4877,31.5278
GA,118,-81.1307,32.1335
GA,116,-81.2741,31.7848
GA,154,-81.4443,31.1958
GA,138,-81.2916,31.7510
KY,030,-85.6595,38.1872
KY,048,-84.5809,37.8720
KY,107,-82.8314,37.8467
KY,092,-84.5331,38.9333
KY,113,-82.9540,37.3540
KY,086,-83.8539,36.8907
KY,053,-85.6980,37.5457
KY,069,-84.0058,37.4198
KY,105,-82.7347,38.0679
KY,117,-83.3811,37.0941
KY,118,-82.8553,37.1212
KY,100,-83.3781,38.5317
KY,067,-84.6607,37.4552
KY,007,-88.3536,37.2097
KY,070,-86.8788,36.8597
KY,011,-88.0832,37.0191
KY,005,-88.7127,37.0539
KY,084,-84.4841,36.7371
KY,020,-87.2636,37.5291
KY,057,-84.2780,37.7202
KY,109,-83.0648,37.7066
KY,054,-85.2696,37.5525
KY,008,-88.3293,36.8834
KY,119,-82.5132,37.8016
KY,099,-83.8240,38.5952
KY,025,-86.2169,37.9695
KY,060,-83.5989,37.9414
KY,047,-84.8744,37.8111
KY,076,-85.6291,36.9905
KY,075,-85.7164,36.7122
KY,050,-83.9132,38.0336
KY,106,-83.2589,37.9223
KY,021,-87.1421,37.2157
KY,045,-85.4662,37.8051
KY,043,-84.0153,38.3356
KY,026,-86.8490,37.4783
KY,031,-85.4485,38.3995
KY,094,-84.8280,38.5197
KY,114,-83.6832,37.4193
KY,096,-84.3602,38.6957
KY,115,-83.2215,37.2443
KY,120,-82.3958,37.4690
KY,059,-83.8239,37.8312
KY,079,-84.5771,37.1039
KY,098,-84.0521,38.5188
KY,068,-84.3160,37.3652
KY,052,-83.4211,38.1963
KY,078,-85.0586,36.9911
KY,036,-84.5839,38.2915
KY,034,-85.1948,38.2155
KY,072,-86.5823,36.7419
KY,038,-85.3279,38.0325
KY,065,-85.3279,37.3664
KY,022,-87.1791,36.8356
KY,012,-87.8734,36.8064
KY,032,-85.3374,38.6130
KY,014,-87.9453,37.6584
KY,071,-86.4239,36.9936
KY,046,-85.1747,37.7534
KY,083,-84.8285,36.8013
KY,015,-87.6832,37.5183
KY,085,-84.1452,36.7582
KY,108,-83.4931,37.7393
KY,040,-84.7435,38.0423
KY,111,-83.7163,37.5947
KY,001,-89.1873,36.5541
KY,077,-85.2806,37.1041
KY,073,-86.1904,36.7513
KY,039,-84.9909,38.0040
KY,004,-88.9992,37.0584
KY,074,-85.9336,36.9656
KY,051,-83.7428,38.1449
KY,087,-83.6740,36.7307
KY,091,-84.7279,38.9700
KY,042,-84.2171,38.2068
KY,103,-82.6877,38.3596
KY,055,-84.8667,37.6244
KY,097,-84.0901,38.6888
KY,112,-83.3241,37.5216
KY,024,-86.4293,37.7732
KY,029,-85.6959,37.9700
KY,061,-86.6816,37.2074
KY,013,-87.8679,37.1453
KY,009,-88.2723,36.6211
KY,093,-84.3793,38.9465
KY,003,-88.9709,36.8532
KY,089,-85.1235,38.6679
KY,102,-83.0495,38.3181
KY,066,-84.9283,37.3223
KY,017,-87.4904,36.8941
KY,049,-84.1475,37.9709
KY,116,-83.7146,37.1598
KY,016,-87.5409,37.3088
KY,010,-88.0972,37.3527
KY,081,-85.3884,36.7866
KY,019,-87.0873,37.7318
KY,062,-86.2385,37.2087
KY,104,-83.0976,38.1179
KY,058,-83.9643,37.6924
KY,041,-84.4588,38.0423
KY,044,-83.6967,38.3701
KY,110,-82.7457,37.5572
KY,035,-84.8770,38.2391
KY,090,-84.8592,38.7569
KY,056,-84.5376,37.6396
KY,095,-84.6245,38.6488
KY,006,-88.6512,36.7230
KY,027,-86.3439,37.4608
KY,064,-85.5531,37.2639
KY,101,-82.9223,38.5456
KY,023,-86.7780,37.8415
KY,028,-85.9635,37.6979
KY,088,-83.2179,36.8570
KY,037,-84.3315,38.4418
KY,002,-88.9761,36.6781
KY,033,-85.1189,38.4484
KY,018,-87.5729,37.7961
KY,063,-85.8847,37.2999
KY,080,-84.1178,37.1107
KY,082,-85.1361,36.7275
TN,301,-83.2139,35.7560
TN,301,-82.3070,36.1981
TN,303,-83.6174,35.6375
TN,302,-84.3971,35.1957
TN,150,-82.9163,36.2956
TN,200,-84.1527,36.0612
TN,400,-85.5029,36.1598
TN,300,-85.3829,35.3595
TN,501,-87.0178,36.2159
TN,502,-87.2858,35.3947
TN,088,-89.8956,35.1837
TN,003,-88.7178,36.2983
TN,022,-88.0683,36.0698
TN,021,-88.4502,35.9731
TN,053,-88.6128,35.4211
TN,055,-88.1088,35.6030
TN,019,-89.4138,36.0590
TN,089,-89.4144,35.1971
TN,020,-88.9326,35.9966
TN,090,-88.9931,35.2069
TN,050,-89.2838,35.5833
TN,054,-88.3880,35.6543
TN,004,-88.3013,36.3317
TN,048,-89.6314,35.7609
TN,091,-88.5637,35.1746
TN,052,-88.8385,35.6082
TN,049,-89.7594,35.4966
TN,002,-89.1488,36.3582
TN,051,-89.1395,35.8135
TN,001,-89.4935,36.3352
AL,019,-85.8261,33.7714
AL,057,-86.6803,31.7524
AL,046,-85.7161,32.1005
AL,017,-86.5674,33.9809
AL,034,-87.1264,32.9986
AL,050,-85.3932,31.8696
AL,009,-85.9993,34.7794
AL,020,-85.6038,34.1760
AL,035,-86.7188,32.8479
AL,051,-88.2628,32.0192
AL,028,-85.8605,33.2691
AL,021,-85.5188,33.6745
AL,065,-85.9882,31.4026
AL,002,-87.8049,34.7005
AL,056,-86.9936,31.4293
AL,036,-86.2476,32.9362
AL,060,-86.4512,31.2485
AL,058,-86.3136,31.7315
AL,016,-86.8676,34.1320
AL,066,-85.6110,31.4318
AL,040,-87.1065,32.3258
AL,010,-85.8041,34.4598
AL,043,-86.1492,32.5966
AL,059,-87.1616,31.1262
AL,018,-86.0348,34.0453
AL,013,-87.7389,33.7212
AL,003,-87.8438,34.4417
AL,068,-85.8390,31.0950
AL,031,-87.9522,32.8531
AL,032,-87.6291,32.7627
AL,069,-85.3025,31.1532
AL,024,-86.8965,33.5543
AL,012,-88.0969,33.7792
AL,001,-87.6544,34.9015
AL,004,-87.3110,34.5220
AL,047,-85.3556,32.6012
AL,005,-86.9813,34.8101
AL,042,-86.6501,32.1547
AL,045,-85.6926,32.3860
AL,006,-86.5502,34.7631
AL,039,-87.7895,32.2476
AL,011,-87.8871,34.1366
AL,008,-86.3066,34.3669
AL,055,-87.3658,31.5706
AL,044,-86.2076,32.2202
AL,007,-86.8529,34.4535
AL,033,-87.2942,32.6385
AL,022,-88.0887,33.2809
AL,049,-85.9409,31.8024
AL,029,-85.4591,33.2938
AL,048,-85.1849,32.2884
AL,026,-86.3147,33.7157
AL,025,-86.6607,33.2643
AL,030,-88.1988,32.5910
AL,027,-86.1659,33.3800
AL,037,-85.7975,32.8624
AL,023,-87.5250,33.2895
AL,015,-87.2973,33.8034
AL,052,-88.2071,31.4077
AL,054,-87.3082,31.9892
AL,014,-87.3737,34.1492
AL,041,-86.6428,32.5349
AL,062,-87.7615,30.9471
AL,038,-85.3920,32.9144
AL,053,-87.8309,31.6709
AL,064,-87.6699,30.4941
AL,067,-85.2414,31.5147
AL,061,-88.1850,30.9237
AL,063,-88.2363,30.5284
MS,037,-89.5817,33.0863
MS,003,-89.1885,34.8173
MS,060,-91.3531,31.4832
MS,021,-89.7076,34.0282
MS,038,-89.0344,33.0885
MS,029,-89.2848,33.6131
MS,067,-88.6958,31.6408
MS,034,-90.9474,33.2836
MS,047,-90.8521,32.3574
MS,014,-89.0038,34.4905
MS,007,-90.3755,34.6520
MS,006,-88.2393,34.7404
MS,004,-88.9089,34.7684
MS,008,-89.9448,34.6503
MS,020,-90.1732,33.9505
MS,019,-90.5887,33.6023
MS,078,-89.1177,30.7900
MS,056,-89.5067,32.0177
MS,055,-89.9195,31.9132
MS,041,-90.8132,32.8797
MS,050,-89.5376,32.4064
MS,049,-89.9457,32.2641
MS,011,-90.2891,34.2514
MS,009,-88.5201,34.6183
MS,015,-89.0374,34.2254
MS,075,-88.9923,31.1721
MS,012,-89.9505,34.3639
MS,033,-88.8793,33.4250
MS,039,-88.5698,33.1101
MS,051,-89.1188,32.4002
MS,045,-89.1176,32.7535
MS,028,-89.6164,33.4941
MS,024,-88.4804,33.8923
MS,002,-89.5031,34.7623
MS,072,-89.8224,31.2308
MS,043,-90.0338,32.6347
MS,031,-88.4433,33.4729
MS,062,-90.4540,31.5324
MS,025,-90.3010,33.5505
MS,016,-88.6804,34.2899
MS,044,-89.5241,32.7535
MS,063,-90.1070,31.5502
MS,052,-88.6626,32.4043
MS,073,-89.5087,31.2059
MS,013,-89.4849,34.3568
MS,046,-88.6412,32.7546
MS,066,-89.1688,31.6226
MS,064,-89.8230,31.5696
MS,059,-91.0371,31.7342
MS,057,-89.1188,32.0191
MS,017,-88.3613,34.2800
MS,040,-90.9892,32.7414
MS,035,-90.5265,33.1287
MS,036,-90.0921,33.1235
MS,048,-90.4427,32.2667
MS,026,-89.8020,33.7700
MS,076,-88.6392,31.2142
MS,061,-90.8978,31.4772
MS,001,-89.9918,34.8754
MS,065,-89.5526,31.6332
MS,054,-90.4488,31.8692
MS,010,-90.6027,34.2292
MS,030,-88.7815,33.6557
MS,058,-88.6894,32.0414
MS,053,-90.9118,31.9737
MS,032,-89.2484,33.3473
MS,023,-88.9479,33.9208
MS,027,-89.9202,33.4485
MS,022,-89.3364,33.9364
MS,018,-90.8804,33.7955
MS,005,-88.5803,34.8808
MS,042,-90.3965,32.7804
MS,069,-90.8045,31.1744
MS,068,-91.3109,31.1610
MS,071,-90.1061,31.1485
MS,077,-89.5898,30.7686
MS,080,-89.4887,30.4164
MS,082,-88.6362,30.5459
MS,070,-90.4042,31.1749
MS,079,-88.6440,30.8626
MS,081,-89.1185,30.5150
IN,028,-87.3533,40.3469
IN,024,-85.7940,40.8457
IN,051,-87.3900,39.4306
IN,043,-87.4640,39.8538
IN,086,-87.5857,38.0254
IN,059,-84.9251,39.6255
IN,038,-86.0519,40.3114
IN,029,-86.8941,40.3886
IN,080,-85.0370,38.8262
IN,060,-87.4146,39.0888
IN,007,-85.0008,41.6439
IN,012,-86.6478,41.2810
IN,088,-87.0077,38.0142
IN,056,-85.7918,39.5236
IN,078,-85.7474,38.6851
IN,004,-86.2898,41.6167
IN,057,-85.4657,39.6199
IN,077,-86.1053,38.6000
IN,042,-85.0114,40.1576
IN,045,-86.8450,39.6663
IN,013,-86.6989,41.0419
IN,085,-87.8684,38.0218
IN,082,-87.2322,38.3988
IN,089,-86.6380,38.0797
IN,044,-87.2063,39.7736
IN,053,-86.8376,39.3129
IN,076,-86.4951,38.5418
IN,075,-84.9650,38.9501
IN,008,-85.4174,41.3986
IN,010,-87.3975,40.9559
IN,054,-86.4462,39.4815
IN,036,-86.8933,40.0404
IN,062,-86.5231,39.1609
IN,023,-86.0451,40.7695
IN,069,-86.8031,38.7080
IN,014,-86.2618,41.3250
IN,047,-86.1384,39.7816
IN,040,-85.7194,40.1616
IN,070,-86.4834,38.8412
IN,006,-85.4265,41.6427
IN,016,-85.8607,41.2441
IN,067,-87.4180,38.6891
IN,055,-86.1017,39.4899
IN,072,-85.6281,38.9969
IN,079,-85.4385,38.7858
IN,034,-85.0057,40.4380
IN,011,-87.1162,41.0230
IN,071,-86.0376,38.9064
IN,025,-85.4881,40.8292
IN,031,-86.1169,40.4836
IN,049,-85.3965,39.9311
IN,046,-86.5100,39.7695
IN,090,-86.1113,38.1952
IN,048,-85.7732,39.8235
IN,039,-86.0520,40.0725
IN,061,-86.9620,39.0363
IN,032,-85.6548,40.5158
IN,081,-87.5846,38.3118
IN,015,-86.2636,41.0470
IN,066,-85.0603,39.4148
IN,035,-87.2419,40.1209
IN,091,-85.9068,38.3194
IN,027,-84.9366,40.7455
IN,018,-85.0665,41.0908
IN,064,-85.8977,39.2059
IN,019,-87.3109,40.6063
IN,033,-85.3248,40.4735
IN,037,-86.4687,40.0508
IN,063,-86.2274,39.1962
IN,021,-86.5635,40.5828
IN,022,-86.3460,40.7615
IN,092,-85.7073,38.4773
IN,017,-85.5052,41.1394
IN,030,-86.4752,40.3017
IN,084,-86.4517,38.2923
IN,068,-87.0721,38.7024
IN,074,-84.9733,39.1453
IN,065,-85.5013,39.3069
IN,009,-84.9991,41.3976
IN,041,-85.3969,40.2276
IN,083,-86.8798,38.3643
IN,005,-85.8587,41.5974
IN,058,-85.1787,39.6401
IN,050,-85.0099,39.8644
IN,026,-85.2212,40.7291
IN,020,-86.8654,40.7499
IN,052,-87.1158,39.3928
IN,087,-87.2721,38.0922
IN,073,-85.2624,39.1034
IN,001,-87.3817,41.4156
IN,003,-86.7400,41.5460
IN,002,-87.0672,41.4605
MI,030,-83.5938,44.6854
MI,032,-85.5785,44.3384
MI,036,-83.6360,44.3559
MI,065,-85.3090,42.5950
MI,080,-85.0590,41.9161
MI,073,-85.0055,42.2466
MI,078,-85.9936,41.9153
MI,040,-84.8478,43.9879
MI,059,-84.6015,42.9436
MI,028,-84.6103,44.6836
MI,011,-87.8704,46.0091
MI,066,-84.8384,42.5961
MI,061,-83.7067,43.0217
MI,041,-84.3882,43.9906
MI,052,-84.6048,43.2927
MI,081,-84.5930,41.8878
MI,067,-84.3736,42.5971
MI,058,-85.0746,42.9451
MI,010,-88.5306,46.2087
MI,046,-84.8467,43.6406
MI,074,-84.4233,42.2485
MI,072,-85.5312,42.2454
MI,027,-85.0902,44.6846
MI,057,-85.5492,43.0322
MI,038,-85.8017,43.9900
MI,062,-83.2218,43.0901
MI,082,-84.0664,41.8951
MI,068,-83.9115,42.6030
MI,031,-86.0571,44.3332
MI,045,-85.3245,43.6409
MI,047,-84.3879,43.6468
MI,033,-85.0947,44.3373
MI,051,-85.1524,43.3110
MI,023,-84.1273,45.0275
MI,044,-85.8009,43.5542
MI,069,-83.3855,42.6604
MI,035,-84.1266,44.3349
MI,039,-85.3252,43.9899
MI,029,-84.1297,44.6817
MI,022,-84.5988,45.0214
MI,034,-84.6116,44.3356
MI,053,-84.0532,43.3350
MI,079,-85.5278,41.9145
MI,060,-84.1467,42.9537
MI,075,-83.8385,42.2534
MI,085,-86.2069,46.3325
MI,020,-85.8123,44.9366
MI,077,-86.4123,41.9546
MI,071,-86.0189,42.2513
MI,064,-85.8884,42.5913
MI,024,-83.6277,45.0348
MI,070,-82.9322,42.6956
MI,083,-83.5373,41.9292
MI,076,-83.2865,42.2840
MI,037,-86.2497,43.9954
MI,050,-86.1481,43.2912
MI,043,-86.2673,43.6407
MI,056,-85.9939,42.9601
MI,026,-85.5590,44.6709
MI,017,-84.4999,45.4468
MI,008,-84.5740,46.2986
MI,014,-86.1917,46.0520
MI,006,-86.6019,46.4099
MI,013,-86.9244,45.9197
MI,012,-87.5573,45.5792
MI,005,-87.6415,46.4314
MI,004,-88.3652,46.6626
MI,009,-89.6944,46.4089
MI,002,-89.3150,46.6644
MI,003,-88.6207,47.0531
MI,084,-88.8192,46.6070
MI,001,-88.4220,47.6027
MI,021,-85.1377,45.0003
MI,019,-85.1283,45.3020
MI,015,-85.0921,46.0812
MI,007,-85.5443,46.4707
MI,055,-82.8201,43.4235
MI,054,-83.4168,43.4641
MI,049,-83.0193,43.8333
MI,048,-83.9921,43.7072
MI,042,-83.8948,44.0656
MI,016,-84.8905,45.5205
MI,025,-86.0158,44.6395
MI,018,-83.9173,45.3402
MI,063,-82.6820,42.9425
MI,050,-86.3219,43.2922
MI,043,-86.4211,43.7692
MI,056,-86.1799,42.9435
MI,037,-86.4421,43.9392
WI,066,-87.9667,43.0071
WI,044,-89.7706,43.9696
WI,015,-91.8484,45.4238
WI,032,-91.7545,44.3799
WI,006,-92.3676,45.8627
WI,049,-88.2180,44.0817
WI,027,-91.2799,45.0694
WI,029,-90.6121,44.7347
WI,057,-89.3338,43.4665
WI,054,-90.9310,43.2395
WI,063,-89.4183,43.0674
WI,058,-88.7075,43.4164
WI,025,-91.8964,44.9466
WI,028,-91.2860,44.7268
WI,012,-88.3982,45.8484
WI,051,-88.4882,43.7536
WI,011,-88.7704,45.6673
WI,061,-90.7062,42.8675
WI,068,-89.6022,42.6800
WI,047,-89.0450,43.8003
WI,062,-90.1354,43.0005
WI,034,-90.8052,44.3191
WI,064,-88.7759,43.0209
WI,043,-90.1140,43.9245
WI,041,-91.1152,43.9065
WI,067,-90.1317,42.6605
WI,019,-89.0719,45.2624
WI,018,-89.7346,45.3375
WI,030,-89.7590,44.8983
WI,046,-89.3988,43.8196
WI,045,-89.2429,44.1131
WI,020,-88.7100,45.0044
WI,042,-90.6179,43.9457
WI,010,-89.5217,45.7056
WI,038,-88.4649,44.4161
WI,026,-92.0016,44.5829
WI,037,-88.9648,44.4704
WI,065,-88.3045,43.0181
WI,007,-91.7912,45.8993
WI,070,-88.5419,42.6685
WI,005,-89.5148,46.0529
WI,053,-90.8344,43.5939
WI,033,-91.3585,44.3040
WI,017,-90.5012,45.2115
WI,031,-88.7656,44.7892
WI,008,-91.1447,45.8800
WI,056,-89.9484,43.4268
WI,023,-92.4528,45.0340
WI,016,-91.1331,45.4751
WI,069,-89.0716,42.6712
WI,055,-90.4295,43.3756
WI,009,-90.3614,45.6804
WI,036,-89.5015,44.4760
WI,014,-92.4414,45.4614
WI,024,-92.4224,44.7196
WI,048,-88.6446,44.0689
WI,035,-90.0416,44.4553
WI,072,-88.0418,42.5767
WI,059,-88.2308,43.3684
WI,021,-88.4257,45.2006
WI,013,-88.1090,45.5511
WI,050,-87.8096,44.1198
WI,039,-88.0032,44.4537
WI,022,-87.3173,44.9435
WI,040,-87.6154,44.5161
WI,001,-91.9147,46.4309
WI,004,-90.2420,46.2623
WI,002,-91.2006,46.5241
WI,003,-90.6781,46.3148
WI,073,-87.9475,45.1874
WI,060,-87.9515,43.3838
WI,052,-87.9454,43.7212
WI,074,-88.1390,44.8829
WI,071,-88.0551,42.7477
IL,084,-89.3821,37.7852
IL,067,-88.1538,39.0100
IL,075,-88.9240,38.3006
IL,099,-90.3566,39.0856
IL,001,-90.2123,42.3657
IL,089,-88.8809,37.4596
IL,012,-88.4287,41.9390
IL,023,-87.8618,41.1377
IL,020,-88.4289,41.5906
IL,033,-87.8243,40.7474
IL,019,-88.8859,41.3439
IL,073,-87.7266,38.7200
IL,016,-90.1314,41.3531
IL,032,-88.5578,40.8914
IL,042,-89.3676,40.1245
IL,035,-90.6780,40.4562
IL,005,-88.4524,42.3244
IL,038,-88.8473,40.4908
IL,053,-88.9617,39.8599
IL,059,-89.9244,39.2610
IL,100,-89.9051,38.8299
IL,070,-88.9190,38.6496
IL,030,-89.3448,41.0332
IL,041,-89.9168,40.2397
IL,094,-88.7078,37.2190
IL,048,-89.8022,40.0274
IL,024,-90.7414,41.2053
IL,102,-90.1774,38.2785
IL,060,-89.4789,39.2310
IL,050,-90.2015,39.7156
IL,054,-88.6194,39.6414
IL,008,-89.3207,42.0427
IL,029,-89.7600,40.7881
IL,080,-89.3671,38.0838
IL,044,-88.5911,40.0104
IL,097,-90.8863,39.6225
IL,090,-88.5615,37.4126
IL,093,-89.1267,37.2228
IL,018,-89.2858,41.2045
IL,065,-89.0242,39.0002
IL,079,-89.8253,38.0521
IL,072,-88.0850,38.7124
IL,015,-90.5674,41.4674
IL,101,-89.9284,38.4703
IL,086,-88.5408,37.7533
IL,051,-89.6589,39.7582
IL,040,-90.6151,40.1580
IL,049,-90.4747,39.6442
IL,061,-88.8055,39.3911
IL,028,-89.7975,41.0934
IL,002,-89.6625,42.3517
IL,037,-89.5135,40.5075
IL,088,-89.2551,37.4712
IL,046,-87.7329,40.1836
IL,078,-87.8443,38.4461
IL,026,-90.6150,40.8488
IL,074,-89.4105,38.3522
IL,076,-88.4256,38.4295
IL,083,-88.1795,38.0875
IL,009,-89.9141,41.7563
IL,022,-87.9787,41.4450
IL,085,-88.9299,37.7303
IL,003,-89.1609,42.3363
IL,031,-89.2111,40.7882
IL,021,-88.4185,41.2849
IL,095,-91.1886,39.9878
IL,092,-89.3376,37.1915
IL,064,-89.4356,38.8868
IL,004,-88.8234,42.3231
IL,096,-90.7504,39.9618
IL,017,-89.5287,41.4041
IL,098,-90.6675,39.1692
IL,007,-89.9345,42.0688
IL,047,-90.2474,39.9736
IL,045,-88.1991,40.1401
IL,052,-89.2773,39.5458
IL,063,-87.7878,39.3335
IL,071,-88.4902,38.7542
IL,069,-89.4224,38.6065
IL,056,-88.2218,39.5202
IL,068,-87.7595,39.0028
IL,062,-88.2402,39.2732
IL,011,-88.7704,41.8934
IL,043,-88.9041,40.1746
IL,055,-88.2174,39.7695
IL,013,-88.0857,41.8520
IL,057,-87.7456,39.6786
IL,077,-88.0532,38.4165
IL,066,-88.5899,39.0597
IL,058,-90.3905,39.3562
IL,039,-88.2233,40.5972
IL,081,-88.9242,37.9923
IL,036,-90.2075,40.4728
IL,087,-88.2305,37.7628
IL,025,-90.9251,40.8181
IL,091,-88.2669,37.5182
IL,034,-91.1647,40.4037
IL,082,-88.5392,38.0816
IL,010,-89.3005,41.7461
IL,027,-90.2133,40.9318
IL,006,-88.0036,42.3231
IL,014,-87.8167,41.8399
MN,054,-96.1735,44.9955
MN,061,-93.2464,45.2732
MN,050,-93.9989,45.6991
MN,074,-94.7277,44.2421
MN,068,-93.8025,44.8208
MN,056,-95.5666,45.0223
MN,053,-92.9083,45.5025
MN,900,-95.7590,43.9873
MN,034,-94.0709,46.4824
MN,070,-93.0656,44.6718
MN,086,-92.8620,44.0225
MN,041,-95.4535,45.9337
MN,092,-93.9479,43.6739
MN,095,-92.0901,43.6740
MN,093,-93.3489,43.6738
MN,078,-92.7225,44.4099
MN,040,-96.0121,45.9340
MN,060,-93.4768,45.0045
MN,096,-91.4928,43.6714
MN,024,-94.9166,47.1087
MN,052,-93.2952,45.5615
MN,045,-93.2935,45.9453
MN,057,-95.0048,45.1524
MN,076,-93.7300,44.3714
MN,066,-94.2724,44.8235
MN,022,-95.8090,47.3252
MN,091,-94.5511,43.6742
MN,058,-94.5274,45.1231
MN,044,-93.6301,45.9380
MN,043,-94.2684,46.0126
MN,094,-92.7525,43.6714
MN,075,-94.2474,44.3500
MN,087,-92.4018,44.0036
MN,013,-96.0367,48.0662
MN,038,-92.7414,46.1208
MN,048,-95.4445,45.5860
MN,062,-93.0994,45.0171
MN,014,-96.0953,47.8717
MN,073,-95.2539,44.4037
MN,065,-94.9472,44.7268
MN,077,-93.2966,44.3541
MN,069,-93.5357,44.6484
MN,051,-93.7745,45.4439
MN,067,-94.2321,44.5795
MN,049,-94.6130,45.5522
MN,085,-93.2260,44.0223
MN,047,-96.0003,45.5861
MN,055,-95.6814,45.2827
MN,042,-94.8976,46.0706
MN,079,-92.2303,44.2842
MN,032,-94.9694,46.5858
MN,084,-93.5873,44.0221
MN,063,-92.8839,45.0383
MN,082,-94.6141,43.9783
MN,088,-91.7791,43.9869
MN,059,-93.9630,45.1739
MN,064,-95.8683,44.7162
MN,046,-96.4110,45.4261
MN,083,-94.0671,44.0346
MN,025,-94.2344,47.1039
MN,033,-94.5522,46.5646
MN,036,-93.4126,46.4095
MN,018,-93.7298,47.6644
MN,026,-93.4742,47.2596
MN,009,-95.0124,48.1627
MN,017,-94.8022,47.6313
MN,031,-95.4624,46.4109
MN,030,-96.0175,46.4061
MN,028,-95.4143,46.9334
MN,027,-95.9229,46.9358
MN,023,-95.3643,47.3228
MN,016,-95.3891,47.7520
MN,015,-95.9180,47.6577
MN,001,-96.7048,47.8466
MN,008,-95.9961,48.3571
MN,003,-96.4906,46.8924
MN,007,-96.7657,48.3592
MN,005,-95.8107,48.7751
MN,004,-96.7826,48.7766
MN,020,-91.4479,47.2820
MN,002,-96.4551,47.3265
MN,035,-93.4185,46.8260
MN,019,-92.4352,47.4461
MN,037,-92.5801,46.7516
MN,039,-96.4716,45.7721
MN,029,-96.4683,46.3571
IA,095,-93.3274,40.7395
IA,077,-91.7179,41.3356
IA,073,-93.5614,41.3343
IA,086,-92.4095,41.0306
IA,098,-91.9500,40.7532
IA,082,-94.2424,41.0277
IA,092,-94.6965,40.7374
IA,050,-92.5326,42.0798
IA,048,-93.4651,42.0362
IA,056,-95.3103,41.6851
IA,068,-90.6232,41.6371
IA,033,-95.1055,42.3862
IA,093,-94.2440,40.7352
IA,062,-92.5314,41.6864
IA,069,-95.5423,41.3364
IA,060,-93.5734,41.6855
IA,023,-94.6789,42.7341
IA,015,-94.6782,43.0820
IA,091,-95.1502,40.7391
IA,067,-91.1127,41.4839
IA,080,-95.1563,41.0301
IA,085,-92.8690,41.0297
IA,043,-95.9600,42.0516
IA,008,-92.7891,43.3564
IA,079,-95.6214,41.0332
IA,049,-92.9988,42.0358
IA,074,-93.0995,41.3344
IA,075,-92.6409,41.3351
IA,072,-94.0155,41.3307
IA,084,-93.3277,41.0293
IA,078,-91.2597,41.2185
IA,052,-91.5989,42.0789
IA,099,-91.4792,40.6420
IA,005,-94.2067,43.2042
IA,076,-92.1787,41.3364
IA,064,-91.5881,41.6715
IA,087,-91.9489,41.0318
IA,061,-93.0537,41.6860
IA,054,-90.5742,42.1717
IA,063,-92.0656,41.6863
IA,024,-94.2073,42.7764
IA,009,-92.3172,43.3568
IA,088,-91.5446,40.9879
IA,055,-95.8167,41.6829
IA,037,-93.2404,42.3838
IA,016,-93.7343,43.0818
IA,036,-93.7068,42.3837
IA,058,-94.5010,41.6838
IA,038,-92.7910,42.4019
IA,046,-94.3969,42.0362
IA,090,-95.6047,40.7456
IA,026,-93.2624,42.7325
IA,018,-92.7890,43.0600
IA,029,-91.8443,42.8625
IA,004,-94.6784,43.3779
IA,042,-90.8824,42.4688
IA,089,-91.1815,40.9232
IA,041,-91.3673,42.4711
IA,071,-94.4710,41.3307
IA,081,-94.6992,41.0290
IA,011,-91.3781,43.2843
IA,096,-92.8687,40.7432
IA,057,-94.9058,41.6846
IA,051,-92.0657,42.0801
IA,039,-92.3085,42.4701
IA,047,-93.9318,42.0366
IA,028,-92.3182,42.7747
IA,040,-91.8379,42.4707
IA,027,-92.7902,42.7316
IA,034,-94.6405,42.3852
IA,045,-94.8607,42.0362
IA,070,-94.9278,41.3315
IA,065,-91.1324,41.7723
IA,017,-93.2608,43.0816
IA,019,-92.3176,43.0601
IA,083,-93.7851,41.0290
IA,030,-91.3414,42.8447
IA,066,-90.5320,41.8980
IA,044,-95.3821,42.0372
IA,059,-94.0398,41.6849
IA,097,-92.4097,40.7477
IA,094,-93.7863,40.7377
IA,025,-93.7352,42.7331
IA,010,-91.8437,43.2906
IA,007,-93.2609,43.3774
IA,053,-91.1314,42.1212
IA,035,-94.1818,42.4278
IA,006,-93.7342,43.3775
IA,301,-95.5668,43.1343
IA,300,-95.9900,42.6155
MO,077,-94.3471,37.5023
MO,053,-94.3400,38.2573
MO,055,-93.2879,38.2948
MO,086,-90.0259,37.3222
MO,041,-92.3096,38.9907
MO,020,-94.8062,39.6598
MO,109,-90.4065,36.7164
MO,022,-93.9828,39.6557
MO,050,-91.9260,38.8355
MO,069,-92.7660,38.0271
MO,087,-89.6845,37.3839
MO,031,-93.5051,39.4268
MO,107,-90.9623,36.9413
MO,043,-94.3548,38.6470
MO,078,-93.8566,37.7238
MO,032,-92.9626,39.5145
MO,095,-93.1889,36.9696
MO,010,-91.7384,40.4103
MO,029,-94.4208,39.3105
MO,021,-94.4046,39.6018
MO,048,-92.2816,38.5055
MO,046,-92.8103,38.8439
MO,072,-91.3040,37.9764
MO,014,-93.9855,39.9607
MO,013,-94.4047,39.8932
MO,083,-91.5079,37.6066
MO,096,-92.4988,36.9326
MO,113,-90.0909,36.2719
MO,062,-91.0750,38.4112
MO,059,-91.5079,38.4409
MO,004,-94.4099,40.2121
MO,090,-93.3420,37.2581
MO,015,-93.5653,40.1140
MO,005,-93.9921,40.3547
MO,054,-93.7927,38.3852
MO,068,-93.3207,37.9408
MO,011,-95.2150,40.0946
MO,040,-92.6958,39.1427
MO,097,-91.8865,36.7740
MO,084,-90.7735,37.5552
MO,037,-94.3461,39.0085
MO,088,-94.3406,37.2035
MO,065,-90.5378,38.2610
MO,044,-93.8063,38.7441
MO,018,-92.1481,40.1282
MO,081,-92.5903,37.6583
MO,038,-93.7855,39.0656
MO,102,-93.8291,36.7099
MO,019,-91.7222,40.0969
MO,052,-90.9602,39.0581
MO,024,-93.1072,39.8702
MO,023,-93.5483,39.7821
MO,101,-94.3484,36.6287
MO,025,-92.5646,39.8308
MO,085,-90.3450,37.4781
MO,058,-91.9249,38.1616
MO,027,-91.6224,39.8060
MO,006,-93.5685,40.4223
MO,057,-92.4284,38.2145
MO,112,-89.2911,36.8281
MO,047,-92.5831,38.6327
MO,034,-92.0007,39.4955
MO,051,-91.4702,38.9415
MO,056,-92.8861,38.4239
MO,114,-89.6516,36.5942
MO,093,-94.3392,36.9055
MO,002,-94.8834,40.3607
MO,106,-91.4033,36.6867
MO,049,-91.8618,38.4604
MO,105,-92.4446,36.6493
MO,115,-89.7858,36.2111
MO,076,-89.8244,37.7071
MO,045,-93.2851,38.7283
MO,071,-91.7924,37.8771
MO,036,-91.1714,39.3438
MO,028,-94.7736,39.3804
MO,079,-93.4005,37.6165
MO,070,-92.2076,37.8246
MO,007,-93.0161,40.4789
MO,035,-91.5220,39.5276
MO,033,-92.4971,39.4402
MO,030,-93.9899,39.3524
MO,099,-90.9691,37.3623
MO,108,-90.8639,36.6528
MO,061,-90.6752,38.7819
MO,067,-93.7760,38.0371
MO,075,-90.1952,37.8940
MO,074,-90.4729,37.8104
MO,063,-90.4430,38.6407
MO,039,-93.2022,39.1366
MO,008,-92.5209,40.4702
MO,009,-92.1471,40.4526
MO,111,-89.5686,37.0530
MO,098,-91.4005,37.1574
MO,026,-92.0766,39.7978
MO,110,-89.9444,36.8555
MO,103,-93.4559,36.7469
MO,016,-93.1115,40.2107
MO,104,-93.0410,36.6547
MO,082,-91.9651,37.3173
MO,066,-94.3424,37.8506
MO,060,-91.1607,38.7646
MO,073,-90.8774,37.9617
MO,100,-90.4614,37.1126
MO,091,-92.8759,37.2809
MO,003,-94.4222,40.4791
MO,092,-92.4687,37.2701
MO,064,-90.2450,38.6358
MO,089,-93.8503,37.4320
MO,080,-93.0236,37.6804
MO,017,-92.6007,40.1906
MO,012,-94.8020,39.9834
MO,001,-95.4270,40.4307
MO,042,-91.8416,39.2158
MO,094,-93.8329,37.1064
AR,074,-91.7679,33.1912
AR,005,-92.3370,36.2872
AR,001,-94.2573,36.3392
AR,057,-91.3749,34.2908
AR,068,-92.1622,33.4659
AR,067,-92.5031,33.5580
AR,002,-93.5382,36.3410
AR,075,-91.2940,33.2672
AR,053,-93.1764,34.0510
AR,009,-90.4173,36.3685
AR,024,-92.0267,35.5381
AR,063,-92.1852,33.8984
AR,072,-93.2273,33.2143
AR,031,-92.7014,35.2622
AR,026,-90.6328,35.8308
AR,019,-94.2430,35.5889
AR,036,-90.3089,35.2079
AR,035,-90.7713,35.2958
AR,062,-92.6545,33.9698
AR,065,-91.2540,33.8333
AR,069,-91.7200,33.5895
AR,032,-92.3321,35.1470
AR,020,-93.8906,35.5123
AR,006,-91.8183,36.3817
AR,042,-93.1504,34.5767
AR,055,-92.4236,34.2900
AR,018,-90.5591,36.1177
AR,060,-93.6684,33.7354
AR,054,-92.9460,34.3177
AR,051,-93.9935,34.0887
AR,016,-91.5698,35.7415
AR,015,-91.9134,36.0949
AR,025,-91.2146,35.5994
AR,056,-91.9315,34.2688
AR,021,-93.4599,35.5701
AR,071,-93.6073,33.2408
AR,017,-91.1071,36.0413
AR,049,-90.7820,34.7806
AR,064,-91.7333,33.9575
AR,059,-94.2343,33.7005
AR,030,-93.7163,35.2153
AR,045,-91.8887,34.7542
AR,004,-92.6842,36.2684
AR,070,-93.8918,33.3124
AR,028,-90.0540,35.7639
AR,047,-91.2038,34.6778
AR,041,-93.6595,34.5388
AR,011,-93.7246,36.0110
AR,061,-93.3072,33.6641
AR,012,-93.2179,35.9200
AR,066,-92.8820,33.5933
AR,039,-92.9315,34.9474
AR,058,-90.8480,34.4283
AR,052,-93.6564,34.1636
AR,027,-90.6629,35.5740
AR,040,-94.2281,34.4858
AR,022,-93.0342,35.4476
AR,046,-91.5528,34.8297
AR,044,-92.3118,34.7699
AR,008,-91.0278,36.3415
AR,048,-90.7478,35.0220
AR,043,-92.6766,34.6466
AR,037,-94.0633,34.8608
AR,013,-92.6995,35.9109
AR,029,-94.2740,35.1993
AR,050,-94.2412,33.9973
AR,007,-91.4799,36.1611
AR,014,-92.1567,35.8599
AR,073,-92.5973,33.1713
AR,023,-92.5157,35.5807
AR,010,-94.2147,35.9800
AR,033,-91.7457,35.2563
AR,034,-91.2431,35.1863
AR,038,-93.4113,35.0026
AR,003,-93.0915,36.3086
LA,006,-92.3748,32.8319
LA,025,-91.3400,32.0017
LA,033,-92.0058,30.5989
LA,017,-93.5547,31.5640
LA,015,-91.7636,32.4177
LA,011,-93.3400,32.0933
LA,028,-92.5332,31.1986
LA,014,-92.1545,32.4785
LA,018,-93.0963,31.7236
LA,007,-91.8017,32.8205
LA,005,-92.6647,32.6016
LA,022,-92.1604,31.6767
LA,044,-92.0639,30.2063
LA,013,-92.5577,32.3020
LA,020,-92.5594,31.5997
LA,023,-91.6738,32.1332
LA,032,-92.4059,30.7290
LA,009,-91.2351,32.7326
LA,010,-93.7373,32.0554
LA,026,-91.6397,31.4458
LA,004,-92.9957,32.8226
LA,024,-91.8471,31.6661
LA,021,-92.1167,32.0922
LA,001,-93.8821,32.5797
LA,002,-93.6052,32.6794
LA,012,-93.0560,32.3472
LA,030,-93.3434,30.6485
LA,031,-92.8279,30.6528
LA,043,-92.4120,30.2906
LA,016,-91.2427,32.3643
LA,003,-93.3350,32.7135
LA,008,-91.4567,32.7885
LA,019,-92.6368,31.9442
LA,027,-93.1842,31.1083
LA,029,-92.0013,31.0762
LA,041,-93.3579,30.2292
LA,042,-92.8138,30.2669
LA,045,-91.7267,30.2282
LA,055,-91.2705,29.8466
LA,052,-92.3146,29.8496
LA,053,-91.7307,29.8941
LA,057,-90.7962,30.0263
LA,049,-90.9113,30.2035
LA,065,-90.8384,29.6390
LA,058,-90.5462,30.0792
LA,047,-91.3134,30.4634
LA,056,-91.0626,29.9006
LA,037,-90.7103,30.8220
LA,034,-91.6009,30.7097
LA,036,-91.0455,30.8451
LA,048,-91.0957,30.5383
LA,050,-90.7393,30.4507
LA,035,-91.4200,30.8798
LA,059,-90.5708,29.7251
LA,061,-90.1420,29.8205
LA,063,-89.9757,29.7812
LA,046,-91.3494,30.2585
LA,067,-90.2534,29.3739
LA,040,-89.9401,30.4481
LA,062,-89.9037,30.0385
LA,064,-89.8732,29.9129
LA,072,-90.3917,30.5051
LA,071,-90.4379,30.8274
LA,039,-90.0405,30.8534
LA,069,-89.6038,29.4206
LA,060,-90.3631,29.8836
LA,070,-89.5461,29.8487
LA,066,-90.8628,29.3727
LA,068,-90.0566,29.5064
LA,054,-91.4363,29.7128
LA,073,-93.5882,29.8924
LA,074,-92.8989,29.8539
ND,009,-103.4802,48.3437
ND,044,-102.5285,46.0969
ND,038,-98.0716,46.9361
ND,014,-99.3660,48.0694
ND,032,-103.3764,47.0235
ND,004,-100.8335,48.7921
ND,043,-103.5207,46.1126
ND,002,-102.5183,48.7909
ND,035,-100.4688,46.9774
ND,039,-97.2481,46.9330
ND,007,-98.4650,48.7722
ND,051,-98.5046,46.1102
ND,001,-103.4873,48.8149
ND,024,-98.9016,47.7176
ND,046,-100.2388,46.2851
ND,025,-98.8831,47.4571
ND,031,-103.8467,46.9402
ND,027,-97.4570,47.9219
ND,042,-101.6397,46.3583
ND,028,-98.2371,47.4572
ND,041,-102.4604,46.4326
ND,036,-99.7801,46.9802
ND,048,-98.5355,46.4569
ND,047,-99.4775,46.4574
ND,012,-100.6363,48.2346
ND,050,-99.4412,46.1119
ND,021,-101.3218,47.6070
ND,019,-101.8315,47.3092
ND,010,-102.3556,48.2013
ND,026,-98.1921,47.9216
ND,020,-101.3403,47.1153
ND,008,-97.5517,48.7672
ND,013,-99.9718,48.2496
ND,015,-98.7201,48.2690
ND,049,-97.6575,46.4561
ND,003,-101.6581,48.7192
ND,005,-99.8411,48.7724
ND,052,-97.6306,46.1078
ND,022,-100.3456,47.5754
ND,040,-103.4599,46.4472
ND,033,-102.6550,46.8107
ND,029,-97.7248,47.4562
ND,037,-98.9588,46.9792
ND,006,-99.2459,48.6856
ND,011,-101.5418,48.2218
ND,023,-99.6610,47.5876
ND,034,-101.2811,46.7161
ND,017,-103.3953,47.7402
ND,018,-102.6182,47.3568
ND,016,-97.4998,48.3683
ND,054,-98.0840,48.3714
ND,045,-101.0405,46.1126
ND,030,-97.1615,47.4542
ND,053,-96.9483,46.2646
SD,261,-102.7756,44.8954
MT,133,-104.1474,45.7143
SD,260,-103.6687,44.3481
SD,262,-103.6021,43.7348
SD,264,-102.4044,43.7209
SD,263,-102.9945,43.2088
SD,265,-100.8465,43.3944
SD,266,-101.6057,44.6525
SD,268,-101.0379,45.4386
SD,269,-99.7228,45.4410
SD,270,-99.6168,44.4975
SD,267,-100.3649,44.0985
SD,255,-98.8239,43.4173
SD,258,-97.2807,43.1439
SD,255,-96.4513,44.7245
SD,271,-98.4443,45.2723
SD,256,-98.0342,44.0457
SD,257,-96.9672,44.0696
SD,272,-97.2875,45.0837
SD,273,-96.8399,45.5262
NE,030,-98.0673,41.7068
NE,061,-99.0750,40.8551
NE,034,-96.3287,41.8515
NE,050,-97.1306,41.2242
NE,067,-96.1408,40.9098
NE,012,-97.2523,42.5993
NE,076,-98.0512,40.5244
NE,043,-97.0867,41.5731
NE,033,-96.7874,41.9164
NE,060,-99.8195,40.8699
NE,044,-96.6542,41.5777
NE,052,-96.1544,41.2953
NE,079,-101.6879,40.1762
NE,077,-97.5965,40.5247
NE,084,-98.9527,40.1763
NE,082,-99.9123,40.1764
NE,089,-96.6893,40.2619
NE,072,-99.8307,40.5148
NE,040,-98.5212,41.5675
NE,062,-98.5022,40.8725
NE,063,-98.0233,40.8735
NE,083,-99.4046,40.1765
NE,080,-101.0422,40.1763
NE,047,-98.5171,41.2200
NE,088,-97.1426,40.1757
NE,090,-96.2649,40.3926
NE,074,-98.9480,40.5067
NE,011,-97.8919,42.6369
NE,066,-96.6878,40.7841
NE,031,-97.6008,41.9166
NE,048,-98.0376,41.1698
NE,041,-97.9923,41.3973
NE,091,-95.8486,40.3881
NE,086,-98.0472,40.1764
NE,068,-96.1348,40.6485
NE,092,-96.2370,40.1314
NE,073,-99.4145,40.5111
NE,017,-97.6013,42.2644
NE,042,-97.5198,41.5701
NE,049,-97.5684,41.1869
NE,081,-100.4768,40.1758
NE,093,-95.7167,40.1249
NE,078,-97.1408,40.5240
NE,053,-96.1119,41.1131
NE,051,-96.6373,41.2261
NE,065,-97.1395,40.8723
NE,046,-98.9763,41.2205
NE,064,-97.5971,40.8727
NE,087,-97.5948,40.1763
NE,015,-96.5441,42.1582
NE,039,-98.9819,41.5673
NE,045,-96.2218,41.5311
NE,018,-97.1193,42.2092
NE,085,-98.4999,40.1764
NE,075,-98.5012,40.5245
NE,032,-97.1939,41.9168
NE,016,-98.0667,42.1769
NE,311,-103.4189,42.7173
NE,312,-103.3924,42.2177
NE,313,-103.3448,41.4974
NE,204,-102.0463,42.0093
NE,208,-99.8758,42.7767
NE,206,-100.5806,41.9097
NE,210,-101.4158,40.6758
NE,219,-100.4317,40.6583
NE,209,-99.2336,41.8276
NE,249,-96.7598,42.4568
KS,030,-99.8729,38.9143
KS,014,-101.0555,39.3509
KS,092,-97.4765,37.2373
KS,085,-101.3121,37.1924
KS,074,-101.7842,37.5630
KS,066,-98.7175,38.0311
KS,006,-98.7855,39.7851
KS,013,-101.7200,39.3514
KS,015,-100.4418,39.3503
KS,039,-95.7564,39.0415
KS,086,-100.8513,37.1933
KS,083,-97.4611,37.6848
KS,043,-100.9069,38.4822
KS,049,-97.6501,38.7839
KS,032,-98.7623,38.9149
KS,046,-99.3092,38.5233
KS,017,-99.3251,39.3501
KS,022,-96.7352,39.2965
KS,050,-98.2011,38.3471
KS,008,-97.6506,39.8278
KS,067,-98.0861,37.9529
KS,002,-101.0758,39.7852
KS,081,-98.7396,37.6478
KS,023,-96.3425,39.3790
KS,005,-99.3469,39.7845
KS,065,-99.2368,38.1814
KS,034,-97.6503,39.1326
KS,018,-98.7679,39.3503
KS,055,-95.7269,38.6524
KS,004,-99.9034,39.7844
KS,045,-99.9162,38.4795
KS,096,-95.3068,37.5586
KS,011,-96.0141,39.7835
KS,084,-101.7993,37.1914
KS,037,-96.6499,38.6875
KS,099,-95.7429,37.1925
KS,019,-98.2095,39.3933
KS,057,-94.8381,38.5636
KS,087,-100.3662,37.2382
KS,010,-96.5229,39.7836
KS,052,-97.0969,38.3588
KS,051,-97.6480,38.3916
KS,054,-96.1527,38.4563
KS,028,-101.1485,38.9173
KS,060,-94.8429,38.2123
KS,033,-98.2078,39.0454
KS,103,-95.0379,39.1993
KS,044,-100.4664,38.4814
KS,100,-95.2976,37.1913
KS,080,-99.2860,37.5582
KS,082,-98.1364,37.5589
KS,062,-101.3199,38.0002
KS,105,-94.8223,38.8838
KS,007,-98.2184,39.7847
KS,026,-95.3834,39.2358
KS,024,-95.7937,39.4170
KS,064,-99.8979,38.0875
KS,076,-100.8712,37.5623
KS,068,-97.4274,38.0432
KS,091,-98.0755,37.1916
KS,061,-101.7913,37.9991
KS,070,-96.2327,37.8778
KS,041,-101.8060,38.4805
KS,077,-100.4378,37.7382
KS,104,-94.7646,39.1145
KS,072,-95.3014,37.8858
KS,059,-95.2933,38.2143
KS,025,-95.3129,39.5320
KS,090,-98.6848,37.2289
KS,047,-98.7565,38.4790
KS,073,-94.8493,37.8552
KS,012,-95.5642,39.8266
KS,069,-96.8391,37.7812
KS,053,-96.5940,38.3020
KS,098,-96.2453,37.1501
KS,101,-94.8462,37.1693
KS,001,-101.7312,39.7858
KS,088,-99.8203,37.2355
KS,021,-97.1651,39.3497
KS,020,-97.6495,39.4804
KS,058,-95.7342,38.2370
KS,089,-99.2719,37.1913
KS,093,-96.8375,37.2377
KS,097,-94.8518,37.5073
KS,003,-100.4599,39.7847
KS,035,-97.1527,38.8664
KS,102,-95.1470,39.7885
KS,040,-95.2924,38.8845
KS,079,-99.3120,37.8876
KS,094,-96.2441,37.4537
KS,031,-99.3173,38.9148
KS,048,-98.2048,38.6966
KS,063,-100.7369,38.0444
KS,078,-99.8879,37.6917
KS,056,-95.2859,38.5646
KS,036,-96.7526,39.0024
KS,029,-100.4829,38.9161
KS,016,-99.8833,39.3497
KS,075,-101.3080,37.5622
KS,009,-97.0874,39.7842
KS,042,-101.3474,38.4821
KS,095,-95.7434,37.5593
KS,071,-95.7402,37.8867
KS,038,-96.2050,38.9533
KS,027,-101.7636,38.9166
OK,017,-98.4335,35.8752
OK,052,-96.2600,33.9623
OK,023,-98.3751,35.1744
OK,024,-97.9825,35.5425
OK,046,-97.2858,34.2509
OK,068,-94.9997,35.9066
OK,053,-95.5521,34.0265
OK,001,-102.5178,36.7483
OK,029,-97.3271,35.2036
OK,043,-96.2979,34.5882
OK,038,-98.4717,34.6621
OK,044,-98.3721,34.2902
OK,057,-95.2085,36.7617
OK,064,-96.3709,35.9027
OK,016,-99.0015,35.6389
OK,063,-94.8027,36.4082
OK,015,-99.0080,35.9877
OK,009,-99.7546,36.2183
OK,012,-97.7828,36.3790
OK,040,-97.3093,34.7045
OK,027,-97.8841,35.0170
OK,007,-97.7861,36.7962
OK,034,-99.5609,34.9357
OK,033,-99.8463,34.7441
OK,004,-99.6673,36.7887
OK,074,-95.1166,35.2248
OK,032,-96.2502,35.0484
OK,036,-99.4147,34.5880
OK,045,-97.8359,34.1111
OK,047,-96.6606,34.3165
OK,008,-97.1439,36.8180
OK,018,-97.9421,35.9454
OK,035,-98.9808,34.9163
OK,010,-99.2650,36.4227
OK,076,-94.7035,34.9001
OK,026,-96.8809,35.7030
OK,019,-97.4433,35.9194
OK,050,-97.2442,33.9499
OK,028,-97.4436,35.0087
OK,077,-94.7712,34.1151
OK,071,-95.6668,35.3737
OK,011,-98.5360,36.3116
OK,051,-96.7691,34.0245
OK,062,-95.2309,36.3018
OK,041,-97.0679,34.4823
OK,070,-95.3794,35.6161
OK,013,-97.2306,36.3886
OK,056,-95.6175,36.7985
OK,065,-96.3228,35.4655
OK,025,-97.4072,35.5515
OK,066,-95.9643,35.6467
OK,054,-96.3984,36.6292
OK,058,-94.8105,36.8355
OK,059,-96.6993,36.3169
OK,020,-96.9757,36.0773
OK,073,-95.7484,34.9239
OK,042,-96.6844,34.7281
OK,030,-96.9483,35.2068
OK,049,-95.3758,34.4162
OK,014,-99.6957,35.6883
OK,061,-95.6044,36.3716
OK,031,-96.6156,35.1675
OK,072,-94.7549,35.4953
OK,039,-97.8514,34.4856
OK,002,-101.4900,36.7479
OK,037,-98.9242,34.3728
OK,060,-95.9415,36.1211
OK,067,-95.5212,35.9609
OK,055,-95.9044,36.7152
OK,022,-98.9923,35.2904
OK,005,-98.8651,36.7669
OK,075,-95.2504,34.8761
OK,069,-94.6587,35.8839
OK,006,-98.3240,36.7310
OK,048,-96.0378,34.3737
OK,003,-100.4767,36.7497
OK,021,-99.6820,35.2687
TX,076,-101.4121,30.7230
TX,036,-101.3000,33.6146
TX,001,-102.6022,36.2779
TX,119,-96.7779,32.7666
TX,046,-101.9477,32.7425
TX,016,-102.6049,34.9660
TX,106,-95.6723,33.3863
TX,103,-97.1171,33.2043
TX,224,-97.3568,29.0821
TX,037,-100.7789,33.6166
TX,228,-99.7567,28.4225
TX,019,-100.8140,34.9654
TX,129,-98.8323,32.3271
TX,061,-102.5428,31.8692
TX,184,-100.3047,29.9826
TX,134,-96.7945,32.3484
TX,130,-98.2180,32.2363
TX,160,-96.9358,31.2533
TX,094,-96.1066,33.5939
TX,209,-96.9198,29.8768
TX,049,-100.4022,32.7428
TX,030,-101.3032,34.0724
TX,084,-99.7780,33.9746
TX,227,-95.7707,29.5274
TX,108,-95.2184,33.1756
TX,147,-96.1490,31.7049
TX,219,-99.1083,28.8678
TX,045,-102.6352,32.7407
TX,042,-101.2984,33.1799
TX,188,-98.9464,30.3181
TX,063,-101.5208,31.8695
TX,223,-97.4925,29.4567
TX,014,-100.8126,35.4012
TX,093,-96.6776,33.6268
TX,137,-94.8172,32.4803
TX,198,-95.9855,30.5436
TX,207,-97.9484,29.5831
TX,029,-101.8269,34.0705
TX,025,-100.6811,34.5308
TX,143,-98.1107,31.7048
TX,003,-101.3545,36.2775
TX,083,-99.7457,34.2903
TX,201,-94.3903,30.3324
TX,138,-94.3713,32.5483
TX,006,-102.6029,35.8400
TX,098,-99.7303,33.1782
TX,191,-98.0311,30.0582
TX,010,-100.2705,35.8376
TX,135,-95.8538,32.2121
TX,145,-97.1324,31.9907
TX,034,-102.3432,33.6076
TX,131,-97.8323,32.4299
TX,107,-95.5640,33.1495
TX,163,-95.4227,31.3178
TX,052,-101.4355,32.3062
TX,105,-96.0854,33.1236
TX,008,-101.3547,35.8400
TX,071,-100.9824,31.3039
TX,101,-98.1725,33.2335
TX,259,-94.0341,30.8641
TX,133,-97.3663,32.3790
TX,113,-99.8787,32.7399
TX,222,-97.8594,28.9057
TX,121,-96.2879,32.5996
TX,189,-98.7116,29.9447
TX,043,-100.7776,33.1814
TX,186,-99.3501,30.0615
TX,169,-99.7487,30.4868
TX,038,-100.2558,33.6165
TX,087,-99.7414,33.6061
TX,095,-95.5711,33.6671
TX,028,-102.3517,34.0686
TX,156,-98.2414,31.1962
TX,229,-99.0997,28.3451
TX,225,-96.9302,29.3843
TX,194,-96.9657,30.3107
TX,162,-95.9957,31.2965
TX,200,-94.8122,30.1516
TX,161,-96.5805,31.5455
TX,005,-100.2731,36.2777
TX,231,-98.1248,28.3514
TX,171,-98.6840,30.7056
TX,059,-103.5800,31.8492
TX,035,-101.8205,33.6102
TX,041,-101.8161,33.1768
TX,154,-99.3475,31.1989
TX,159,-97.2018,31.5524
TX,230,-98.5675,28.3491
TX,176,-95.9284,30.9656
TX,126,-94.3572,32.7980
TX,051,-101.9512,32.3061
TX,170,-99.2261,30.7177
TX,204,-99.1101,29.3557
TX,168,-99.8206,30.8898
TX,062,-102.0316,31.8692
TX,174,-96.9769,30.7863
TX,142,-98.5955,31.4952
TX,053,-100.9212,32.3062
TX,091,-97.7246,33.6757
TX,199,-95.5030,30.3002
TX,007,-101.8929,35.8377
TX,111,-94.7326,33.1135
TX,031,-100.7798,34.0741
TX,152,-94.6158,31.6160
TX,146,-96.4724,32.0470
TX,260,-93.7287,30.8876
TX,054,-100.4061,32.3035
TX,004,-100.8156,36.2784
TX,011,-102.6029,35.4050
TX,116,-98.3130,32.7532
TX,151,-94.3056,32.1624
TX,068,-102.5155,31.4285
TX,021,-102.7845,34.5301
TX,075,-102.7236,30.7811
TX,179,-94.8300,30.7928
TX,012,-101.8940,35.4013
TX,123,-95.7934,32.8703
TX,017,-101.8970,34.9659
TX,070,-101.5230,31.3662
TX,185,-99.8221,29.8318
TX,096,-95.0504,33.6207
TX,009,-100.8134,35.8385
TX,175,-96.5128,31.0270
TX,120,-96.4077,32.8978
TX,066,-99.9762,31.8311
TX,150,-94.7618,32.1077
TX,167,-93.8518,31.3432
TX,166,-94.1682,31.3942
TX,178,-95.1669,30.5796
TX,155,-98.8176,31.1552
TX,077,-100.5385,30.8975
TX,048,-100.9164,32.7463
TX,114,-99.3541,32.7360
TX,153,-94.1450,31.7924
TX,002,-101.8935,36.2777
TX,136,-95.2692,32.3750
TX,132,-97.7744,32.2223
TX,115,-98.8362,32.7359
TX,064,-101.0500,31.8279
TX,044,-100.2533,33.1791
TX,078,-100.5382,30.4983
TX,023,-101.7350,34.5304
TX,118,-97.2919,32.7704
TX,127,-99.8901,32.3015
TX,040,-102.3352,33.1738
TX,099,-99.2124,33.1775
TX,109,-94.9657,33.2166
TX,072,-100.4621,31.4044
TX,192,-97.7819,30.3347
TX,164,-95.1355,31.0888
TX,180,-94.3765,30.7712
TX,125,-94.9414,32.7363
TX,069,-102.0430,31.3688
TX,203,-99.7622,29.3573
TX,122,-95.8365,32.5637
TX,177,-95.5722,30.7390
TX,212,-95.9877,30.0111
TX,067,-103.1024,31.5095
TX,197,-96.4036,30.2145
TX,226,-96.2221,29.2779
TX,015,-100.2697,35.4013
TX,086,-98.7032,33.9880
TX,085,-99.2410,34.0807
TX,173,-97.6008,30.6481
TX,221,-98.0866,29.1741
TX,060,-103.0482,31.8500
TX,102,-97.6544,33.2159
TX,124,-95.3821,32.7864
TX,039,-102.8278,33.1730
TX,100,-98.6878,33.1767
TX,218,-99.7606,28.8662
TX,020,-100.2701,34.9649
TX,104,-96.5724,33.1878
TX,139,-99.4536,31.7732
TX,065,-100.5299,31.8885
TX,033,-102.8285,33.6041
TX,090,-98.2084,33.7854
TX,026,-100.2076,34.5292
TX,149,-95.1652,31.8370
TX,022,-102.2617,34.5300
TX,112,-94.3436,33.0775
TX,013,-101.3542,35.4035
TX,110,-94.9785,32.9732
TX,128,-99.3735,32.2977
TX,208,-97.6200,29.8372
TX,172,-98.1824,30.7883
TX,195,-96.6210,30.4924
TX,140,-98.9998,31.7743
TX,024,-101.2086,34.5303
TX,196,-96.3023,30.6611
TX,097,-94.4229,33.4454
TX,144,-97.6343,31.9004
TX,047,-101.4317,32.7437
TX,190,-98.3998,30.2664
TX,205,-98.5199,29.4491
TX,158,-97.4782,31.0377
TX,232,-97.7412,28.4174
TX,088,-99.2135,33.6165
TX,193,-97.3121,30.1036
TX,187,-99.2463,29.7472
TX,027,-102.8298,34.0685
TX,211,-96.2780,29.8870
TX,220,-98.5279,28.8907
TX,018,-101.3574,34.9649
TX,089,-98.6877,33.6153
TX,165,-94.6118,31.2548
TX,050,-102.6378,32.3050
TX,148,-95.6525,31.8134
TX,210,-96.5263,29.6208
TX,215,-94.1722,29.8838
TX,206,-98.2782,29.8082
TX,141,-98.5582,31.9480
TX,073,-99.8640,31.3265
TX,092,-97.2126,33.6393
TX,157,-97.7992,31.3909
TX,032,-100.2788,34.0776
TX,117,-97.8051,32.7776
TX,216,-93.8965,30.1281
TX,057,-104.6577,31.2935
TX,258,-104.7042,31.9002
TX,237,-95.4551,29.1913
TX,238,-94.9650,29.3941
TX,214,-94.6073,29.7390
TX,074,-103.8904,30.7069
TX,058,-103.8470,31.4398
TX,080,-104.2470,30.1630
TX,261,-93.9977,30.3824
TX,262,-93.8089,30.3830
TX,236,-95.9874,28.8665
TX,234,-96.9715,28.7964
TX,247,-96.6495,28.4909
TX,235,-96.5787,28.9557
TX,233,-97.4264,28.6571
TX,213,-95.3963,29.8588
TX,213,-95.1819,29.7371
TX,217,-100.3145,28.7426
TX,239,-99.3316,27.7611
TX,248,-99.1686,27.0008
TX,252,-98.7384,26.5621
TX,253,-98.1811,26.3968
TX,255,-97.5793,26.1202
TX,257,-97.3145,26.1673
TX,256,-97.4503,26.4855
TX,254,-97.7187,26.4665
TX,251,-97.7154,26.9265
TX,242,-97.7343,27.4338
TX,243,-97.6289,27.7232
TX,244,-97.5188,28.0095
TX,246,-97.1655,28.3269
TX,245,-96.9976,28.1357
TX,183,-101.1517,29.8930
TX,202,-100.4180,29.3502
TX,082,-102.0765,30.2250
TX,081,-103.2188,29.7290
TX,079,-104.4231,29.8384
TX,249,-98.6973,27.0434
TX,250,-98.2187,27.0316
TX,240,-98.5089,27.6813
TX,241,-98.0902,27.7310
TX,055,-106.2348,31.7687
TX,056,-105.3865,31.4562
MT,120,-105.1881,48.5194
MT,136,-107.3857,47.6309
MT,122,-105.0818,47.3792
MT,134,-107.2970,48.4942
MT,132,-105.5718,46.2527
MT,129,-107.7187,45.4612
MT,131,-106.2049,45.5684
MT,130,-106.9574,46.5748
MT,137,-107.4120,47.0570
MT,113,-109.4064,48.5009
MT,135,-108.6850,47.8506
MT,125,-109.3003,45.7457
MT,117,-110.7569,46.9950
MT,128,-108.2669,45.9907
MT,127,-108.6903,46.4490
MT,115,-109.8388,47.5975
MT,112,-112.0282,48.5663
MT,126,-109.1984,45.2487
MT,124,-109.8568,46.1728
MT,114,-112.3922,47.6846
MT,109,-114.2591,45.9972
MT,118,-111.6095,46.3417
MT,104,-115.2370,48.3829
MT,106,-114.9270,47.3253
MT,107,-114.3004,47.5442
MT,105,-113.7431,48.2111
MT,116,-112.5204,46.8378
MT,110,-113.1460,45.8595
MT,108,-113.4174,46.8684
MT,123,-110.7066,45.4643
MT,111,-112.2342,45.2088
WY,299,-104.3123,44.3910
WY,298,-104.6618,44.2002
WY,297,-105.5497,44.5960
WY,259,-105.5478,43.8436
WY,301,-105.0328,43.0664
WY,302,-105.6241,42.3535
WY,309,-105.2151,41.5468
WY,310,-104.5267,41.8723
WY,308,-105.9201,41.7501
WY,303,-106.8888,41.9237
WY,305,-107.0990,41.1695
WY,306,-106.7713,41.3867
WY,307,-106.3148,41.3101
WY,285,-107.2980,43.6149
WY,282,-107.9658,43.8900
WY,274,-106.6778,44.7950
WY,281,-106.4410,44.0257
WY,284,-107.3634,44.5453
WY,275,-108.2335,44.5431
WY,283,-108.4094,43.1306
WY,300,-106.2637,42.6061
WY,280,-106.6783,43.0660
WY,287,-108.6090,43.6610
WY,304,-107.7097,41.2862
WY,279,-108.8233,41.5356
WY,289,-107.8933,42.4377
WY,277,-110.5487,41.5151
WY,276,-109.0463,44.4594
WY,415,-110.3950,43.7026
WY,140,-110.5469,44.5976
WY,414,-110.6851,42.5886
WY,278,-109.8029,42.4334
WY,416,-109.5764,42.9658
WY,286,-109.5195,44.2049
WY,288,-109.2209,42.9773
ID,411,-111.5153,44.0813
CO,251,-102.3575,40.5939
CO,242,-104.0025,40.7427
CO,248,-103.1101,40.7247
CO,250,-102.3518,40.8758
CO,252,-102.4243,40.0029
CO,249,-103.2013,39.9710
CO,244,-103.8098,40.2627
CO,253,-102.6029,39.3054
CO,254,-102.6034,38.8279
CO,236,-102.3933,37.9552
CO,234,-102.7404,38.4327
CO,235,-103.0717,37.9551
CO,237,-102.5605,37.3192
CO,233,-103.5645,37.3221
CO,232,-103.7164,37.9027
CO,231,-103.7849,38.3266
CO,247,-103.5944,38.8048
CO,246,-103.6814,39.3560
CO,238,-104.8423,40.7183
CO,243,-104.5924,40.2668
CO,240,-104.8040,39.7656
CO,245,-104.1048,39.7839
CO,241,-104.5091,39.3075
CO,226,-104.4339,39.0030
CO,227,-104.4887,38.7017
CO,225,-105.1729,37.6077
CO,230,-104.3044,37.4085
CO,229,-104.6929,37.7298
CO,228,-104.4878,38.1821
CO,224,-105.8848,37.5728
CO,207,-107.9552,37.4092
CO,290,-108.6594,38.1822
CO,223,-106.5749,37.7938
CO,291,-107.7727,38.0515
CO,292,-107.9282,38.6015
CO,293,-107.0587,38.6564
CO,214,-105.6737,38.9845
CO,203,-107.7766,39.3477
CO,216,-105.2681,39.4838
CO,221,-105.0914,38.8867
CO,222,-105.4192,38.4787
CO,212,-105.8505,39.6044
CO,220,-106.2359,38.8730
CO,201,-107.1559,40.3647
CO,211,-106.3090,40.6766
CO,218,-105.9071,40.4880
CO,217,-106.6092,40.6175
CO,213,-106.2090,40.0726
CO,215,-105.4708,40.6099
CO,239,-105.1560,39.9606
CO,202,-108.3165,40.0846
CO,200,-108.2916,40.6949
NM,114,-105.0786,32.6561
NM,108,-103.9894,34.6178
NM,115,-104.1151,32.9954
NM,110,-108.3223,33.2510
NM,111,-108.2943,32.0682
NM,112,-106.4553,32.6547
NM,113,-105.5225,33.4353
NM,104,-103.7745,36.0464
NM,109,-107.8912,34.1256
NM,105,-108.1880,35.1873
NM,101,-108.0007,36.2910
NM,102,-106.3198,36.3739
NM,106,-106.7593,34.5176
NM,107,-105.9586,34.6745
NM,103,-104.8821,36.1651
AZ,131,-114.4968,33.1902
AZ,138,-111.8796,34.9117
AZ,132,-113.0868,33.2294
AZ,133,-110.9898,33.5759
AZ,117,-109.6483,33.9272
AZ,118,-110.9225,34.0401
AZ,114,-109.4198,34.5768
AZ,113,-110.3128,34.8440
AZ,116,-110.8122,34.4418
AZ,137,-112.5126,34.4302
AZ,108,-112.6554,34.8361
AZ,140,-110.1825,35.4889
AZ,111,-109.2344,35.8693
AZ,110,-109.7068,36.5404
AZ,139,-110.2430,36.3550
AZ,109,-110.9711,36.4046
AZ,112,-111.1876,35.4788
AZ,115,-111.7689,35.2296
AZ,107,-112.5569,35.7341
AZ,106,-112.3184,36.1840
AZ,105,-111.6681,36.7777
AZ,104,-112.2018,36.6514
AZ,102,-113.6440,35.7402
AZ,101,-114.3267,35.5263
UT,478,-112.9469,40.9081
UT,486,-109.4389,40.3834
UT,481,-110.4273,40.6460
UT,480,-110.7745,40.8336
UT,482,-110.4257,40.2771
UT,485,-109.6591,40.7931
UT,487,-109.5664,39.6267
UT,488,-111.2887,39.4435
UT,490,-109.5734,38.9172
UT,483,-110.6213,39.9265
UT,497,-113.6117,37.1731
UT,491,-109.6885,37.6908
UT,498,-111.5005,37.3717
UT,484,-110.2653,39.7202
UT,479,-111.4645,41.0008
UT,492,-112.9048,39.3041
UT,489,-110.6715,39.0157
UT,494,-110.7394,38.1481
UT,496,-112.3670,37.7181
UT,493,-111.8868,38.5411
UT,495,-113.4024,38.1126
ID,101,-116.3674,47.8538
ID,103,-115.3038,46.1678
ID,102,-116.4182,46.3559
ID,410,-112.3591,43.6570
ID,475,-114.5037,44.9247
ID,427,-113.8180,42.2578
ID,413,-111.9151,42.5648
ID,422,-114.4539,43.7502
ID,476,-113.7182,44.3801
ID,425,-113.7480,42.9511
WA,687,-118.6987,48.5329
WA,674,-117.5894,47.2219
WA,686,-117.6089,48.3930
WA,684,-119.5582,48.3457
WA,685,-120.1888,48.6043
WA,682,-120.7978,47.6855
WA,677,-120.3046,47.6830
WA,673,-119.0852,47.3336
WA,680,-121.2251,46.8794
WA,676,-120.6176,46.8941
WA,601,-123.5940,46.5043
WA,660,-122.1176,46.0341
WA,604,-122.5292,45.7678
WA,602,-122.9826,46.2839
OR,601,-123.7723,45.6567
OR,602,-123.2634,45.7186
OR,603,-123.5041,44.3458
OR,608,-122.1736,44.0979
OR,604,-122.9653,44.9186
OR,605,-122.4220,45.0937
OR,607,-121.9352,45.2312
OR,620,-123.5559,42.3943
OR,619,-124.1003,42.4505
OR,612,-123.9080,44.3909
OR,618,-124.3112,42.3409
OR,615,-124.2317,43.1683
OR,622,-122.7886,42.4645
OR,621,-123.0596,42.0503
OR,617,-122.5800,43.2174
OR,616,-123.4749,43.2431
OR,623,-122.2704,42.5798
OR,624,-121.2548,42.5590
OR,606,-122.6769,44.2076
OR,636,-118.8678,42.9166
OR,625,-120.1412,42.8200
NV,469,-115.6568,41.1656
NV,470,-114.6443,40.9948
NV,457,-116.5381,38.7325
NV,468,-116.9030,41.3104
NV,454,-116.6873,40.0327
NV,455,-114.9015,39.4422
CA,227,-117.1739,36.4677
NV,460,-117.3065,37.7255
NV,463,-115.1773,36.6809
NV,461,-114.7623,37.7407
NV,464,-115.7025,36.2722
NV,462,-116.4150,37.1395
NV,466,-114.5565,35.9682
NV,465,-115.1293,36.4003
NV,459,-118.6034,38.6067
NV,467,-118.4662,41.4596
NV,450,-119.6625,39.4065
NV,453,-118.4993,40.0179
NV,458,-119.6657,41.1277
CA,270,-120.0862,41.6116
CA,285,-120.8042,41.5871
CA,284,-121.8690,41.6384
CA,281,-122.5631,41.7362
CA,280,-123.1232,41.5493
CA,204,-123.5768,41.4252
CA,203,-123.8421,41.8153
CA,201,-124.0205,40.7666
CA,211,-123.6867,40.9507
CA,213,-122.2247,40.9299
CA,271,-120.6931,40.2984
CA,268,-121.3501,40.1971
CA,282,-122.1846,41.2704
CA,214,-121.4882,40.9423
CA,277,-123.0635,39.6475
CA,266,-121.7566,40.1117
CA,215,-122.2949,40.2198
CA,283,-123.0472,40.7388
CA,263,-122.7125,40.2743
CA,216,-121.9710,39.3666
CA,279,-122.7472,39.6863
CA,269,-120.5136,39.0859
CA,267,-120.9341,38.9246
CA,272,-120.0382,39.1351
CA,278,-120.3089,40.6705
CA,273,-118.9944,38.0168
CA,202,-123.6653,39.2752
CA,212,-123.5603,40.3036
CA,276,-123.3813,39.3340
CA,264,-122.6967,38.9688
CA,217,-121.5625,38.6268
CA,507,-122.6939,38.5515
CA,506,-122.6419,38.3698
CA,505,-122.9543,38.2364
CA,218,-121.7622,38.1433
CA,511,-121.6591,37.4504
CA,510,-121.8801,37.8804
CA,513,-121.7971,37.2196
CA,512,-122.0400,37.1726
CA,508,-122.1650,37.5938
CA,219,-121.0410,37.7581
CA,221,-120.0258,38.2232
CA,220,-120.4674,38.0571
CA,226,-118.1366,36.6063
CA,529,-121.9005,36.9757
CA,518,-120.9214,36.3718
CA,528,-121.5047,36.6769
CA,509,-122.3923,37.3740
CA,296,-119.1923,37.3802
CA,516,-121.0546,36.1014
CA,517,-121.4188,36.1606
CA,530,-121.7566,36.6165
CA,289,-120.5021,36.6211
CA,290,-120.1167,37.0510
CA,293,-119.7374,37.2843
CA,237,-120.3516,35.4918
CA,234,-120.7407,35.3270
CA,235,-120.4263,34.7217
CA,251,-120.0448,35.1415
CA,238,-119.7374,34.9422
CA,252,-119.8211,34.7466
CA,236,-120.0816,34.6833
CA,291,-119.7597,35.7786
CA,292,-119.1856,35.7797
CA,294,-118.9101,36.2599
CA,297,-118.4954,36.2465
CA,262,-116.2536,33.0511
CA,258,-116.5324,33.0713
CA,250,-116.9604,33.0047
CA,243,-117.2367,32.9783
CA,232,-115.3729,33.3209
CA,261,-116.3024,33.7424
CA,256,-116.6434,33.6600
CA,259,-118.0679,34.6664
CA,288,-118.5579,34.4534
CA,254,-118.2230,34.4294
CA,244,-119.1198,34.3941
CA,245,-118.8478,34.2471
CA,253,-119.1351,34.6292
CA,295,-118.5713,35.3524
CA,298,-117.8015,35.6271
CA,299,-118.0300,35.0727
CA,255,-117.0957,34.2304
CA,260,-117.0143,34.5427
CA,228,-116.0635,34.9775
CA,229,-114.5011,34.4988
CA,230,-115.8926,33.9450
CA,231,-114.6609,33.3131
CA,248,-117.2412,33.8486
CA,239,-119.9036,34.4568
CA,548,-117.9738,34.0657
CA,246,-118.6898,34.0839
CA,547,-118.4799,34.2043
CA,257,-117.4550,33.6256
CA,240,-119.1284,34.2261
CA,241,-118.3004,33.9281
CA,242,-117.7899,33.7028
CA,287,-118.4331,33.3820
AK,017,-140.5769,59.9186
AS,003,-171.0459,-11.0843
GU,005,145.6922,17.9724
GU,004,145.7523,15.1889
GU,002,145.2126,14.1558
GU,003,145.6241,15.0014
AK,225,-150.0988,63.5852
AK,211,-164.4924,64.6146
AK,213,-168.3102,64.5057
AK,214,-163.8145,62.1405
AK,018,-135.3379,59.5601
AK,202,-155.3712,70.6873
AK,204,-143.7831,69.8866
AK,201,-160.3323,70.0813
HI,027,-155.5801,19.5883
HI,024,-155.4770,19.2106
HI,028,-155.5591,19.5513
HI,026,-155.7657,19.9531
HI,023,-155.8769,19.5371
HI,025,-155.2910,19.7729
HI,001,-160.1570,21.8970
HI,002,-159.4303,22.0637
HI,003,-159.6679,22.0137
HI,016,-156.6118,20.5503
HI,014,-156.9394,20.8504
HI,017,-156.5762,20.9195
HI,019,-156.4400,20.8450
HI,022,-156.2266,20.7185
HI,020,-156.1750,20.8017
HI,021,-156.3388,20.6916
HI,015,-156.9138,20.8177
HI,013,-157.1051,21.1376
HI,010,-158.0270,21.4843
HI,011,-158.1327,21.4683
HI,006,-158.1814,21.4654
HI,008,-157.9036,21.4957
HI,007,-158.1223,21.5795
HI,018,-156.6446,20.8913
HI,009,-157.7459,21.3809
GU,013,134.7129,8.0735
GU,011,134.5351,7.4442
GU,041,158.2252,6.8807
GU,021,138.1244,9.5366
GU,024,140.6973,8.2143
GU,022,137.5079,8.3022
GU,033,153.8127,5.4999
GU,023,139.7906,10.0157
GU,026,147.0372,7.3605
GU,064,168.7633,7.3959
GU,051,162.9783,5.3127
GU,061,171.1789,7.1086
GU,043,160.7078,6.2129
GU,042,159.7796,6.6639
GU,062,160.9747,9.7650
GU,068,171.9030,6.0565
GU,065,169.6132,5.9419
GU,067,170.2022,9.5882
GU,025,143.9153,7.3719
GU,032,149.1912,7.3741
AK,020,-136.3767,58.7895
AK,221,-151.4866,64.7065
AK,223,-146.6153,64.2155
AK,227,-154.2532,62.9842
AK,226,-144.4681,63.0805
AK,210,-162.5763,65.4916
AK,212,-161.0572,63.9319
AK,215,-159.5942,62.7139
AK,222,-147.3480,64.9934
AK,224,-142.8780,64.4090
AK,217,-157.2832,67.3545
AK,216,-156.6050,64.7408
AK,219,-152.5178,66.3788
AK,220,-145.5753,66.4063
AK,218,-146.8934,67.8926
AK,205,-157.3000,69.2115
AK,206,-148.2525,69.0427
AK,207,-165.2860,66.8027
AK,019,-135.4295,59.0942
AK,025,-133.7989,58.0224
AK,029,-130.8022,55.7461
AK,024,-134.5992,57.3045
AK,021,-135.4475,57.8952
AK,026,-132.9810,56.5997
AK,023,-135.1575,56.9012
AK,027,-133.0075,55.2951
AK,208,-162.2140,67.8186
AK,022,-136.5895,58.1518
AK,028,-132.0549,55.5400
GU,001,144.7749,13.4419
AK,209,-160.8656,66.6468
HI,012,-156.8445,21.1338
HI,004,-159.5430,22.0963
GU,031,151.7531,7.3676
HI,005,-157.9505,21.3343
AS,002,-169.5060,-14.2219
AS,001,-170.7128,-14.2995
CA,006,-122.4424,37.7558
GU,081,166.6382,19.3015
GU,012,132.2196,5.3031
GU,063,162.2303,11.6578
GU,066,169.8617,11.2357
FL,032,-81.8579,29.9831
FL,013,-85.1972,30.4061
FL,031,-82.1689,29.9502
FL,023,-82.2846,30.3310
FL,036,-82.3576,29.6749
FL,037,-81.7442,29.6086
FL,046,-81.2362,28.7170
FL,034,-83.1235,29.6711
FL,022,-82.6215,30.2243
FL,033,-81.4439,29.9013
FL,061,-81.8093,27.1863
FL,059,-80.4836,27.3764
FL,035,-82.8005,29.7259
FL,020,-82.9478,30.4964
FL,056,-81.8099,27.4927
FL,009,-85.8143,30.8679
FL,057,-81.3409,27.3434
FL,029,-83.1811,29.9855
FL,017,-84.2779,30.4581
FL,045,-81.3238,28.5148
FL,053,-81.1495,28.0627
FL,052,-81.6978,27.9489
FL,043,-82.0810,28.7046
FL,021,-82.9915,30.1956
FL,054,-80.6158,27.6929
FL,030,-82.3714,30.0439
FL,019,-83.4700,30.4442
FL,078,-81.5527,24.6514
FL,028,-83.5767,30.0954
FL,077,-80.9876,24.7471
FL,040,-82.0567,29.2103
FL,144,-81.8061,28.5634
FL,044,-81.6301,28.9313
FL,007,-86.2133,30.8499
FL,005,-86.5894,30.8517
FL,003,-87.0360,30.8503
FL,001,-87.4324,30.8725
FL,072,-80.2706,26.1257
FL,172,-80.1266,26.1498
FL,071,-80.6145,26.1632
FL,070,-81.2930,26.1380
FL,011,-85.2194,30.7956
FL,011,-84.9213,30.7800
FL,018,-83.8865,30.4578
FL,012,-85.5408,30.3660
FL,038,-81.3145,29.4605
FL,076,-80.4195,25.1471
FL,075,-81.0326,25.5205
FL,014,-85.1548,29.9507
FL,128,-83.6702,29.9258
FL,118,-84.0221,30.1477
FL,002,-87.3166,30.5100
FL,108,-86.1710,30.4183
FL,006,-86.6034,30.5630
FL,114,-85.2726,29.8173
FL,112,-85.6654,30.2213
FL,069,-81.6016,26.0150
FL,004,-86.9928,30.5786
FL,115,-84.7899,29.8382
FL,015,-84.8653,29.9462
FL,015,-85.0230,29.8936
FL,016,-84.6137,30.5795
FL,027,-84.4473,30.2025
FL,115,-84.6608,29.9193
FL,073,-80.6396,25.6928
FL,174,-80.6497,25.2990
FL,074,-80.3008,25.8194
FL,068,-80.1464,26.6222
FL,168,-80.0806,26.7054
FL,147,-80.7806,28.5586
FL,047,-80.7165,28.0475
FL,041,-81.3638,29.0924
FL,025,-81.6740,30.3302
FL,024,-81.8085,30.6095
FL,248,-82.3719,28.5482
FL,050,-82.7220,27.9280
FL,255,-82.2406,27.4658
FL,260,-82.2669,27.2000
FL,160,-82.2770,27.0267
FL,262,-81.7547,26.9037
FL,162,-82.1085,26.9689
FL,014,-85.2110,30.0103
FL,008,-86.1120,30.5930
FL,010,-85.6656,30.6106
FL,141,-81.0523,29.0347
FL,173,-80.3117,25.5815
FL,265,-81.8553,26.6504
FL,026,-84.8829,30.2414
FL,008,-85.8976,30.5451
FL,239,-82.6633,29.3606
FL,242,-82.4142,28.8489
FL,148,-82.6112,28.5709
FL,151,-82.4769,27.9291
FL,251,-82.2469,27.9311
FL,155,-82.5574,27.4962
FL,160,-82.4136,27.1492
FL,162,-82.1135,26.9118
FL,265,-81.7270,26.5892
FL,165,-81.9780,26.5608
FL,149,-82.6809,28.2916
FL,249,-82.3345,28.3127
FL,127,-84.4750,30.0060
FL,127,-84.3009,30.0968
FL,262,-81.9474,26.9848
FL,251,-82.3552,27.8020
FL,255,-82.4701,27.5236
FL,151,-82.4242,27.7744
FL,155,-82.5395,27.4983
FL,050,-82.7303,28.1264
FL,142,-82.6088,28.8126
FL,142,-82.6420,28.8576
FL,139,-83.1417,29.2928
FL,134,-83.2252,29.4931
FL,139,-83.0884,29.2825
FL,139,-82.8930,29.2421
FL,165,-81.9570,26.5428
ID,402,-115.4542,45.1471
ID,401,-116.4163,44.9480
ID,400,-116.6344,44.3267
ID,420,-116.4319,43.5558
ID,423,-116.4313,42.6277
ID,426,-115.0842,42.3791
ID,424,-115.2094,42.9843
ID,403,-115.6160,44.4760
ID,421,-115.3340,43.6330
WA,641,-118.7273,46.2593
WA,643,-117.6760,46.1669
WA,675,-120.0112,46.4352
WA,681,-121.0688,46.2216
WA,639,-121.1351,45.8486
OR,639,-121.4000,45.3804
OR,611,-121.5055,43.6707
OR,637,-117.6154,43.1971
OR,646,-117.5645,44.7095
OR,644,-117.0915,45.6012
OR,641,-119.8396,45.4975
OR,610,-121.5322,44.6512
OR,640,-120.5408,44.2606
WA,645,-118.7273,46.2593
OR,643,-117.5645,44.7095
OR,642,-119.1523,44.4264
AZ,151,-111.8408,32.3100
AZ,152,-109.6271,33.3088
AZ,150,-111.8408,32.3100
AZ,153,-109.6271,33.3088
PR,014,-66.6521,18.0143
PR,016,-66.4421,18.4387
PR,017,-66.7148,18.3756
PR,019,-66.0356,18.2451
PR,015,-66.4493,18.0897
PR,018,-67.1151,18.1739
PR,022,-65.7868,18.2933
VI,002,-65.0408,18.0445
PR,025,-65.0408,18.0445
VI,001,-65.0408,18.0445
PR,026,-65.0408,18.0445
PR,024,-66.6530,18.2056
PR,023,-66.6530,18.2056
FL,066,-81.1659,26.5535
FL,058,-80.8885,27.3863
FL,063,-81.1888,26.9565
FL,067,-80.5441,26.6469
FL,064,-80.3893,27.0844
MN,006,-94.9049,48.7718
MN,010,-93.7874,48.2422
MN,012,-91.1983,47.8238
MN,011,-92.5293,48.1390
MN,021,-90.4128,47.8031
OR,645,-117.0915,45.6012
AK,203,-149.5616,70.2069
MD,004,-77.3981,39.4722
MD,009,-77.2041,39.1363
MD,003,-77.8142,39.6037
MD,016,-76.9899,38.5077
VA,057,-77.1572,38.2729
VA,050,-78.0134,38.2463
VA,036,-78.8867,37.7874
VA,040,-78.1593,38.6845
VA,027,-78.5704,38.8585
VA,030,-78.2072,38.9087
VA,504,-79.5230,38.3315
VA,038,-78.4669,38.2977
VA,051,-77.9559,38.4861
VA,031,-77.9966,39.1122
VA,039,-78.2792,38.4137
VA,029,-78.4841,38.6200
WV,506,-79.2919,38.6434
WV,051,-78.2578,39.5604
WV,053,-77.8628,39.3076
WV,055,-78.8579,39.0075
WV,050,-78.6142,39.3171
WV,052,-78.0275,39.4641
MD,005,-77.0227,39.5631
VA,501,-77.8851,38.8540
VA,502,-77.7154,38.5953
MD,501,-78.9284,39.6015
MD,502,-78.5970,39.6304
WV,503,-79.1158,39.3868
WV,504,-78.8872,39.4239
WV,501,-79.2815,39.2245
WV,502,-79.1596,39.0552
MD,006,-76.6677,39.5444
DC,001,-77.0146,38.9093
VA,055,-77.4603,38.4213
MD,013,-76.8436,38.8313
MD,014,-76.6088,39.0074
MD,010,-76.9315,39.2510
VA,503,-79.6618,38.4256
WV,505,-79.4656,38.7534
VA,042,-77.6357,39.0907
MD,014,-76.5280,38.9330
VA,026,-78.8757,38.5106
VA,037,-78.5555,38.0231
VA,053,-77.2791,38.8387
VA,054,-77.0989,38.8577
VA,056,-77.6525,38.1882
VA,052,-77.4819,38.7054
VA,025,-79.1289,38.1630
VA,028,-78.2606,39.2039
MD,007,-76.3194,39.5616
VA,055,-77.3315,38.3866
VA,055,-77.3315,38.3866
VA,057,-77.1053,38.3200
NC,031,-76.6080,36.1507
NC,015,-76.2867,36.2974
NC,014,-76.7011,36.4451
NC,030,-76.9791,36.0662
NC,032,-76.4419,36.2069
NC,012,-77.3967,36.4177
VA,083,-76.9972,37.5052
VA,067,-78.0512,37.1431
VA,069,-77.9152,37.5502
VA,060,-78.4411,37.2243
VA,072,-77.0884,37.7067
VA,088,-77.2618,36.9218
VA,073,-76.8946,37.7179
VA,063,-77.4909,37.7601
VA,062,-77.9164,37.7220
VA,048,-78.2774,37.8419
VA,080,-77.6323,37.0759
VA,061,-78.2450,37.5120
VA,064,-77.3475,38.0272
VA,079,-77.8590,36.7648
VA,068,-77.9761,37.3360
VA,082,-77.0613,37.3565
VA,049,-77.9630,37.9782
VA,066,-78.2406,36.9462
VA,065,-78.3627,36.6804
NC,016,-76.2101,36.3902
VA,082,-76.9028,37.2385
VA,097,-76.3024,36.6778
VA,074,-76.9518,37.9426
VA,075,-76.7252,38.1366
VA,077,-76.4228,37.8863
VA,086,-76.3416,37.4577
VA,086,-76.3444,37.4368
VA,076,-76.7671,37.8881
VA,074,-76.8080,37.8958
VA,077,-76.4378,37.9686
VA,084,-76.4883,37.3643
VA,090,-76.8324,37.2297
VA,096,-76.5046,36.8717
VA,098,-76.0571,36.7494
NC,017,-76.0340,36.4012
VA,085,-76.5151,37.6424
VA,084,-76.5431,37.4257
VA,100,-75.8995,37.3566
MD,024,-75.3833,38.2142
MD,025,-75.1598,38.2510
VA,081,-77.2389,37.1915
VA,092,-77.1043,36.7196
VA,070,-77.5835,37.3765
VA,087,-77.5590,36.6763
VA,071,-77.4200,37.5362
VA,090,-76.7745,37.3264
VA,089,-76.9008,37.1089
VA,091,-76.5383,37.2242
VA,091,-76.4318,37.1847
VA,095,-76.3260,36.8804
VA,089,-76.8566,37.2113
VA,076,-76.7249,37.9429
VA,075,-76.8052,38.1108
VA,096,-76.6417,36.6926
NC,013,-76.9838,36.3590
NC,102,-75.8440,36.4001
VA,093,-76.7269,36.8908
NC,017,-75.9184,36.2197
NC,032,-76.3487,36.1409
NC,031,-76.6914,36.1513
NC,030,-76.7246,36.1197
NC,016,-76.0277,36.2238
NC,015,-76.1331,36.2047
NC,013,-76.7494,36.3110
VA,094,-76.4542,37.0829
NC,014,-76.6926,36.3019
VA,085,-76.5769,37.6353
VA,078,-76.4650,37.7371
VA,095,-76.2938,36.8752
VA,099,-75.6471,37.7659
VA,078,-76.5300,37.7189
VA,094,-76.3270,37.0938
MD,024,-75.4978,38.1194
MD,023,-75.6210,38.0299
DE,003,-75.4181,38.6653
NJ,007,-74.9970,40.8574
NJ,018,-74.9599,39.8038
NJ,009,-74.9123,40.5672
NJ,015,-74.7015,40.2833
NJ,008,-74.5445,40.8621
NJ,010,-74.6163,40.5637
NJ,001,-74.6902,41.1394
PA,060,-75.9260,40.4164
PA,105,-75.2403,40.4395
PA,061,-75.5924,40.6129
PA,055,-75.3394,41.0582
PA,103,-75.4758,40.2763
PA,071,-75.1338,40.0076
PA,054,-75.7088,40.9183
PA,070,-75.3990,39.9167
NJ,017,-75.1419,39.7173
NJ,019,-74.7572,39.9850
PA,062,-75.3074,40.7543
DE,001,-75.6489,39.5810
MD,008,-75.9384,39.5749
PA,101,-75.8006,40.0195
MD,012,-76.0362,39.2574
NJ,024,-74.7718,39.0952
NJ,027,-74.5605,39.7478
NJ,013,-74.2614,40.2596
NJ,014,-74.0295,40.2557
NJ,022,-74.6976,39.4906
NJ,023,-74.8227,39.1768
DE,004,-75.0919,38.6114
DE,002,-75.5688,39.0867
MD,019,-76.0892,38.7767
MD,020,-75.8317,38.8717
NJ,012,-74.4113,40.4394
NJ,026,-74.1647,39.7890
NJ,020,-74.3099,39.9191
NJ,016,-75.3459,39.5873
NJ,021,-75.1099,39.3736
MD,015,-76.0131,39.0738
NJ,025,-74.4448,39.3929
PA,106,-74.9728,40.2342
PA,104,-75.2419,40.1354
PA,102,-75.6776,39.9108
MD,007,-76.1666,39.6409
MD,008,-75.9737,39.5110
MD,012,-76.1160,39.1796
MD,013,-77.0099,38.7014
VA,052,-77.2944,38.5432
VA,053,-77.0538,38.7909
MD,011,-76.4049,39.2929
MD,011,-76.6096,39.3312
MD,018,-76.4750,38.3806
MD,018,-76.5703,38.5543
MD,017,-76.4708,38.3273
MD,022,-75.6206,38.3737
MD,021,-76.0083,38.4797
MD,021,-76.1928,38.5559
MD,022,-75.8601,38.3270
MD,023,-75.7449,38.1190
MD,023,-75.8412,38.0961
MD,017,-76.6223,38.2721
MD,016,-76.9816,38.3931
MD,017,-76.6081,38.3046
WA,662,-120.7828,48.4124
WA,658,-121.4491,48.4838
WA,656,-122.0321,48.3384
WA,659,-121.7906,46.9419
WA,661,-123.3873,47.7761
WA,651,-123.7018,47.0791
WA,650,-124.2038,47.7695
WA,649,-124.2682,47.4500
WA,652,-123.8120,47.7267
WA,655,-122.9360,46.8040
WA,657,-122.1386,47.3214
WA,654,-122.7695,47.4525
WA,653,-122.9049,48.3029
AK,101,-149.5182,61.1948
AK,195,-169.9790,56.9092
AK,181,-161.2029,55.6096
AK,152,-156.3169,61.5198
AK,155,-162.9140,60.6698
AK,161,-157.2451,59.2984
AK,111,-149.1656,61.5885
AK,171,-154.1629,58.2911
AK,121,-150.7090,60.3254
AK,125,-148.9941,60.3983
AK,145,-150.6874,62.1220
AK,185,-167.2048,53.5983
AK,191,175.5393,52.3658
AK,187,-175.0716,52.0613
AK,141,-144.9312,61.9020
AK,135,-145.2475,60.5931
AK,131,-146.5112,61.1700
MD,019,-76.1103,38.6804
MD,015,-76.1607,38.9978
WV,507,-80.4529,37.9469
WV,508,-80.4529,37.9469
